account_id,date_closed,deal_length,deal_value,id,is_closed,is_lost,is_won,lead_id,mrr,name,owner_id,stage
4,2020-10-12,9,16690.62,1,True,True,,46,1854.51,facilitate real-time schemas,1,closed_lost
2,,3,19789.6,2,False,,,554,6596.53,syndicate innovative action-items,17,qualified
8,,4,878.71,3,False,,,889,219.68,generate intuitive technologies,24,qualified
2,2020-05-21,6,19099.42,4,True,,True,540,3183.24,aggregate user-centric functionalities,3,closed_won
6,2020-04-19,2,24778.21,5,True,True,,863,12389.1,target plug-and-play models,16,closed_lost
1,,8,4972.01,6,False,,,337,621.5,visualize vertical solutions,20,solution_design
1,,2,6567.11,7,False,,,537,3283.55,mesh robust markets,9,solution_design
7,2019-09-04,1,4899.58,8,True,,True,74,4899.58,innovate vertical users,15,closed_won
5,,1,287.56,9,False,,,621,287.56,cultivate distributed web-readiness,21,qualified
7,2019-12-23,4,7971.15,10,True,,True,806,1992.79,orchestrate user-centric bandwidth,5,closed_won
5,,9,22252.06,11,False,,,361,2472.45,innovate next-generation e-markets,15,discovery
1,2019-07-11,8,2608.91,12,True,,True,358,326.11,matrix bricks-and-clicks bandwidth,1,closed_won
5,2020-03-12,4,22447.96,13,True,True,,810,5611.99,optimize out-of-the-box metrics,1,closed_lost
4,2020-08-29,8,4547.0,14,True,True,,533,568.38,transform compelling info-mediaries,22,closed_lost
7,2019-01-01,5,23886.85,15,True,,True,51,4777.37,synergize plug-and-play action-items,2,closed_won
9,,9,18875.39,16,False,,,791,2097.27,extend e-business e-markets,15,solution_design
2,2020-06-11,5,11102.72,17,True,True,,987,2220.54,scale ubiquitous e-commerce,1,closed_lost
3,2019-05-02,6,1383.02,18,True,True,,430,230.5,redefine cross-media web services,12,closed_lost
2,,2,15056.85,19,False,,,585,7528.43,facilitate best-of-breed paradigms,16,discovery
8,2020-10-04,6,24014.67,20,True,,True,730,4002.44,envisioneer interactive communities,9,closed_won
6,,3,7675.4,21,False,,,431,2558.47,empower global e-services,24,solution_design
1,2020-05-14,10,6953.31,22,True,,True,786,695.33,deliver plug-and-play deliverables,17,closed_won
9,2019-10-08,11,13787.38,23,True,,True,837,1253.4,strategize leading-edge content,5,closed_won
4,2019-09-09,8,2333.04,24,True,True,,899,291.63,cultivate visionary relationships,18,closed_lost
4,,10,20542.13,25,False,,,611,2054.21,synthesize wireless supply-chains,19,discovery
8,2020-05-13,3,17963.09,26,True,,True,102,5987.7,engineer robust action-items,14,closed_won
7,2020-04-16,6,22702.81,27,True,,True,495,3783.8,transition magnetic metrics,12,closed_won
3,2020-09-20,8,23587.11,28,True,,True,715,2948.39,synthesize cutting-edge functionalities,14,closed_won
3,2020-04-24,8,11227.86,29,True,,True,150,1403.48,benchmark leading-edge technologies,14,closed_won
5,2020-10-14,2,639.61,30,True,True,,145,319.81,brand mission-critical mindshare,4,closed_lost
2,,7,4390.66,31,False,,,505,627.24,optimize distributed functionalities,7,qualified
4,,1,9381.24,32,False,,,103,9381.24,implement intuitive methodologies,7,solution_design
7,2019-10-04,10,10203.72,33,True,True,,726,1020.37,disintermediate user-centric e-markets,12,closed_lost
3,,11,20508.6,34,False,,,422,1864.42,empower strategic e-commerce,9,discovery
4,2019-03-19,10,6919.44,35,True,True,,217,691.94,optimize efficient relationships,22,closed_lost
6,2019-07-03,1,22182.09,36,True,True,,667,22182.09,deploy one-to-one functionalities,16,closed_lost
7,2019-12-29,8,20332.62,37,True,True,,705,2541.58,expedite efficient paradigms,16,closed_lost
4,,3,6344.14,38,False,,,573,2114.71,visualize e-business eyeballs,13,solution_design
7,2020-08-27,2,20580.86,39,True,,True,347,10290.43,streamline B2C markets,2,closed_won
6,2020-08-07,11,15622.66,40,True,,True,812,1420.24,seize proactive synergies,1,closed_won
3,2019-04-12,10,15912.46,41,True,,True,239,1591.25,integrate proactive technologies,5,closed_won
1,2019-03-24,11,11028.9,42,True,True,,185,1002.63,implement back-end users,11,closed_lost
9,2019-03-12,5,7603.34,43,True,True,,825,1520.67,extend extensible supply-chains,18,closed_lost
6,2020-09-12,8,17905.64,44,True,,True,897,2238.2,deliver dynamic e-tailers,22,closed_won
8,2019-06-02,10,7468.36,45,True,,True,405,746.84,facilitate plug-and-play niches,10,closed_won
7,2020-01-17,6,2799.71,46,True,,True,249,466.62,target cross-platform e-markets,4,closed_won
3,2019-05-26,3,15962.49,47,True,,True,188,5320.83,exploit frictionless content,19,closed_won
4,,9,22588.92,48,False,,,794,2509.88,transform real-time e-commerce,11,qualified
6,,3,7008.29,49,False,,,296,2336.1,brand ubiquitous mindshare,24,discovery
9,,5,6135.72,50,False,,,745,1227.14,re-contextualize proactive methodologies,18,qualified
2,2019-03-22,2,21780.63,51,True,,True,273,10890.32,expedite bleeding-edge paradigms,13,closed_won
8,2019-08-03,7,18860.02,52,True,True,,668,2694.29,benchmark value-added web services,22,closed_lost
6,,8,19874.01,53,False,,,518,2484.25,implement B2C e-commerce,17,qualified
7,,4,20220.15,54,False,,,340,5055.04,whiteboard world-class content,17,qualified
7,2019-04-26,3,14155.1,55,True,True,,428,4718.37,transition bleeding-edge info-mediaries,24,closed_lost
9,2019-08-07,7,19750.32,56,True,True,,802,2821.47,reinvent virtual systems,16,closed_lost
2,2019-07-28,10,16133.55,57,True,True,,309,1613.36,transform proactive initiatives,7,closed_lost
2,2019-12-22,4,4391.1,58,True,True,,249,1097.78,morph viral experiences,11,closed_lost
8,2019-11-08,8,4721.42,59,True,,True,250,590.18,extend open-source channels,6,closed_won
2,2020-07-19,4,14607.39,60,True,,True,245,3651.85,mesh bricks-and-clicks paradigms,22,closed_won
6,2019-08-22,9,18211.24,61,True,True,,855,2023.47,seize 24/365 e-commerce,13,closed_lost
4,2019-07-05,4,13624.57,62,True,,True,449,3406.14,mesh dot-com action-items,10,closed_won
1,2019-08-22,7,4617.93,63,True,True,,175,659.7,repurpose wireless technologies,24,closed_lost
9,,9,9169.33,64,False,,,565,1018.81,utilize collaborative web services,18,solution_design
4,,9,15944.91,65,False,,,392,1771.66,cultivate customized content,1,solution_design
9,,4,10464.82,66,False,,,279,2616.2,engineer seamless paradigms,20,solution_design
7,,10,4320.65,67,False,,,724,432.06,optimize distributed eyeballs,16,qualified
9,,4,15556.62,68,False,,,142,3889.16,integrate killer ROI,22,discovery
6,2020-09-10,10,4635.59,69,True,True,,484,463.56,re-intermediate cross-platform schemas,3,closed_lost
4,2019-08-15,6,10480.14,70,True,True,,486,1746.69,engineer web-enabled convergence,12,closed_lost
9,,4,9722.12,71,False,,,514,2430.53,exploit best-of-breed systems,23,solution_design
3,,2,12958.44,72,False,,,60,6479.22,exploit visionary interfaces,15,qualified
2,2019-09-08,8,17931.9,73,True,,True,421,2241.49,re-intermediate back-end schemas,8,closed_won
5,2019-10-09,8,7849.27,74,True,True,,209,981.16,strategize killer communities,4,closed_lost
7,,2,11933.92,75,False,,,936,5966.96,architect turn-key initiatives,21,discovery
6,,11,2335.01,76,False,,,641,212.27,brand impactful deliverables,12,discovery
9,2019-09-06,8,4656.78,77,True,,True,981,582.1,exploit cutting-edge architectures,19,closed_won
3,2019-08-15,10,22826.12,78,True,,True,736,2282.61,synthesize rich supply-chains,17,closed_won
5,,10,12152.14,79,False,,,660,1215.21,streamline customized e-markets,5,solution_design
8,2019-07-14,4,1885.78,80,True,,True,186,471.44,iterate e-business info-mediaries,7,closed_won
3,2020-08-11,7,24352.31,81,True,,True,393,3478.9,innovate user-centric schemas,20,closed_won
4,2020-05-15,9,13144.0,82,True,,True,36,1460.44,utilize magnetic content,7,closed_won
3,2019-05-23,1,1897.69,83,True,True,,79,1897.69,transition real-time technologies,8,closed_lost
9,2020-08-13,7,12960.83,84,True,True,,144,1851.55,envisioneer interactive technologies,19,closed_lost
9,2020-06-01,7,14303.66,85,True,True,,752,2043.38,integrate real-time paradigms,1,closed_lost
1,2020-04-04,9,18583.65,86,True,,True,813,2064.85,target impactful methodologies,20,closed_won
6,,4,857.18,87,False,,,32,214.29,facilitate bleeding-edge platforms,9,discovery
1,,5,15480.37,88,False,,,355,3096.07,integrate innovative partnerships,14,solution_design
2,,6,18189.33,89,False,,,436,3031.56,innovate next-generation communities,8,discovery
7,2019-10-03,3,10134.27,90,True,,True,116,3378.09,harness user-centric e-business,17,closed_won
4,2019-05-10,8,14326.38,91,True,,True,865,1790.8,deploy ubiquitous vortals,7,closed_won
4,2019-01-30,4,23567.83,92,True,True,,221,5891.96,implement synergistic eyeballs,23,closed_lost
4,,4,19723.59,93,False,,,137,4930.9,brand robust experiences,15,qualified
3,2019-02-17,6,2077.65,94,True,True,,394,346.28,revolutionize B2B communities,12,closed_lost
9,2019-12-11,4,7767.24,95,True,,True,284,1941.81,envisioneer viral functionalities,24,closed_won
2,,11,24154.55,96,False,,,711,2195.87,maximize compelling e-commerce,20,discovery
2,,7,19937.27,97,False,,,721,2848.18,grow compelling users,12,qualified
6,2020-07-14,10,2973.45,98,True,,True,844,297.34,e-enable bricks-and-clicks mindshare,6,closed_won
4,,3,21618.46,99,False,,,92,7206.15,embrace next-generation metrics,10,qualified
4,,8,5738.78,100,False,,,169,717.35,reinvent interactive ROI,22,solution_design
3,2019-01-22,1,22481.4,101,True,True,,401,22481.4,unleash best-of-breed platforms,3,closed_lost
1,,7,3123.78,102,False,,,462,446.25,iterate 24/365 e-business,21,qualified
1,,8,14287.72,103,False,,,654,1785.96,synergize integrated metrics,20,solution_design
2,,5,14994.47,104,False,,,819,2998.89,repurpose enterprise users,1,solution_design
6,,9,1645.26,105,False,,,714,182.81,scale granular convergence,20,solution_design
9,2020-07-31,3,23767.27,106,True,True,,750,7922.42,monetize plug-and-play methodologies,15,closed_lost
6,,2,7413.08,107,False,,,28,3706.54,expedite B2B e-services,18,discovery
1,,5,24878.81,108,False,,,603,4975.76,seize distributed vortals,13,solution_design
9,,9,8218.65,109,False,,,130,913.18,benchmark killer convergence,6,qualified
7,,9,23998.63,110,False,,,389,2666.51,optimize open-source e-markets,1,discovery
3,2019-02-22,2,4249.42,111,True,,True,598,2124.71,streamline holistic communities,7,closed_won
1,,4,5381.53,112,False,,,814,1345.38,re-intermediate customized portals,3,qualified
6,2020-01-17,3,10305.21,113,True,,True,695,3435.07,aggregate interactive paradigms,24,closed_won
2,2019-08-31,10,14796.19,114,True,True,,821,1479.62,whiteboard distributed applications,18,closed_lost
9,2019-10-22,10,11080.29,115,True,True,,154,1108.03,re-intermediate leading-edge functionalities,20,closed_lost
8,2019-03-26,11,19898.23,116,True,True,,117,1808.93,monetize interactive portals,20,closed_lost
3,2020-01-21,2,15686.67,117,True,,True,453,7843.34,grow cross-media networks,2,closed_won
9,2020-05-22,2,5575.31,118,True,True,,435,2787.66,synergize synergistic e-business,21,closed_lost
2,,1,16707.21,119,False,,,865,16707.21,engage best-of-breed solutions,18,solution_design
4,2020-09-05,9,9554.63,120,True,,True,714,1061.63,repurpose magnetic portals,6,closed_won
1,,6,19309.55,121,False,,,809,3218.26,brand front-end info-mediaries,24,discovery
2,,2,10052.5,122,False,,,632,5026.25,evolve web-enabled bandwidth,14,qualified
3,2020-08-05,6,17665.28,123,True,True,,241,2944.21,strategize mission-critical architectures,3,closed_lost
3,,9,3735.6,124,False,,,714,415.07,facilitate mission-critical users,1,discovery
2,,2,11479.94,125,False,,,269,5739.97,deploy value-added applications,19,discovery
4,2019-06-17,9,21728.45,126,True,True,,756,2414.27,optimize frictionless partnerships,2,closed_lost
2,2019-04-04,8,6266.24,127,True,,True,104,783.28,harness 24/7 e-services,2,closed_won
6,,4,7864.15,128,False,,,261,1966.04,implement turn-key platforms,1,qualified
5,,1,21995.16,129,False,,,425,21995.16,deploy interactive info-mediaries,23,solution_design
3,2020-01-30,6,7035.28,130,True,True,,434,1172.55,evolve transparent action-items,4,closed_lost
2,2019-12-29,2,11811.71,131,True,True,,706,5905.85,whiteboard rich experiences,9,closed_lost
9,,8,24936.27,132,False,,,832,3117.03,grow intuitive networks,9,discovery
8,,6,17072.39,133,False,,,87,2845.4,strategize revolutionary paradigms,15,discovery
5,,4,5673.29,134,False,,,597,1418.32,visualize back-end initiatives,13,discovery
1,,11,20377.96,135,False,,,146,1852.54,monetize seamless infrastructures,10,solution_design
5,2019-06-29,5,22171.89,136,True,,True,697,4434.38,productize global partnerships,8,closed_won
8,2020-06-24,11,16214.03,137,True,,True,677,1474.0,productize leading-edge initiatives,7,closed_won
4,,6,1138.18,138,False,,,243,189.7,expedite best-of-breed e-services,12,solution_design
2,,7,2991.92,139,False,,,649,427.42,evolve cutting-edge info-mediaries,7,qualified
3,,1,12570.07,140,False,,,375,12570.07,monetize impactful paradigms,14,solution_design
4,,2,14454.81,141,False,,,709,7227.4,enable strategic initiatives,20,qualified
9,,2,22436.28,142,False,,,995,11218.14,transition one-to-one experiences,10,qualified
8,,2,22006.37,143,False,,,720,11003.18,harness synergistic supply-chains,8,discovery
5,2020-09-19,8,1699.41,144,True,True,,723,212.43,benchmark transparent vortals,6,closed_lost
3,2019-11-02,6,8122.27,145,True,,True,710,1353.71,repurpose sticky web-readiness,17,closed_won
2,,7,1327.29,146,False,,,79,189.61,unleash distributed ROI,12,solution_design
9,,6,20359.32,147,False,,,689,3393.22,exploit ubiquitous action-items,23,discovery
1,2019-05-31,1,12775.19,148,True,,True,608,12775.19,orchestrate real-time e-tailers,2,closed_won
6,2019-03-04,2,13710.15,149,True,True,,556,6855.07,engage best-of-breed metrics,22,closed_lost
8,2020-08-31,3,7208.68,150,True,,True,56,2402.89,grow granular technologies,15,closed_won
5,2020-08-04,8,11554.05,151,True,True,,105,1444.26,expedite rich web services,19,closed_lost
8,,8,11449.22,152,False,,,733,1431.15,drive mission-critical infrastructures,9,discovery
7,,2,20630.92,153,False,,,16,10315.46,generate 24/365 users,9,discovery
8,2019-07-17,8,15441.85,154,True,True,,280,1930.23,iterate virtual schemas,14,closed_lost
1,2019-06-21,10,10465.24,155,True,,True,847,1046.52,revolutionize B2C applications,7,closed_won
6,2019-08-05,11,940.57,156,True,True,,495,85.51,incentivize e-business e-business,21,closed_lost
7,,3,14534.02,157,False,,,528,4844.67,mesh e-business ROI,13,solution_design
3,2019-05-29,3,5520.45,158,True,True,,74,1840.15,transition innovative relationships,23,closed_lost
6,2020-07-22,6,13974.79,159,True,,True,226,2329.13,transition 24/7 schemas,18,closed_won
7,2019-01-21,2,19224.47,160,True,True,,216,9612.24,scale granular systems,1,closed_lost
6,,9,22683.9,161,False,,,185,2520.43,syndicate transparent info-mediaries,11,qualified
9,2019-07-29,4,9053.59,162,True,,True,629,2263.4,enhance turn-key e-services,6,closed_won
5,,8,19429.9,163,False,,,85,2428.74,enhance cross-platform networks,5,discovery
5,,4,16643.75,164,False,,,464,4160.94,strategize world-class platforms,1,solution_design
5,,11,9420.97,165,False,,,761,856.45,brand extensible experiences,22,discovery
9,2020-05-21,6,3810.75,166,True,,True,486,635.12,productize open-source mindshare,12,closed_won
4,2019-11-25,11,2875.08,167,True,True,,703,261.37,whiteboard 24/365 partnerships,16,closed_lost
2,2020-05-29,7,953.71,168,True,,True,880,136.24,implement collaborative e-services,4,closed_won
1,2019-08-13,5,12589.63,169,True,True,,342,2517.93,aggregate B2B synergies,6,closed_lost
9,2020-02-05,11,11612.74,170,True,,True,731,1055.7,synergize wireless experiences,11,closed_won
4,2020-07-24,5,24222.9,171,True,,True,173,4844.58,monetize best-of-breed interfaces,19,closed_won
1,2019-02-12,6,19579.76,172,True,True,,289,3263.29,utilize front-end ROI,12,closed_lost
5,2020-01-08,8,10727.4,173,True,True,,806,1340.92,cultivate efficient web services,6,closed_lost
8,2020-02-25,6,21089.57,174,True,True,,75,3514.93,re-contextualize turn-key synergies,18,closed_lost
2,2020-03-30,10,11416.37,175,True,,True,157,1141.64,embrace transparent interfaces,17,closed_won
1,,10,9196.52,176,False,,,754,919.65,deploy open-source e-services,6,qualified
5,,8,16644.23,177,False,,,436,2080.53,engineer turn-key relationships,11,qualified
1,2019-02-16,1,1428.56,178,True,,True,149,1428.56,engineer B2C infrastructures,8,closed_won
4,,1,5780.99,179,False,,,607,5780.99,deliver compelling deliverables,13,solution_design
9,,8,20442.04,180,False,,,569,2555.26,leverage magnetic deliverables,9,solution_design
6,2020-03-03,8,3910.26,181,True,True,,594,488.78,matrix integrated applications,16,closed_lost
7,2020-04-17,3,3743.75,182,True,,True,229,1247.92,strategize B2B mindshare,14,closed_won
1,,3,7651.59,183,False,,,578,2550.53,innovate ubiquitous applications,14,discovery
1,2020-01-27,6,20833.43,184,True,True,,461,3472.24,matrix magnetic functionalities,1,closed_lost
7,2019-08-15,5,24951.84,185,True,,True,692,4990.37,utilize intuitive platforms,14,closed_won
8,,3,13001.07,186,False,,,455,4333.69,brand scalable experiences,10,solution_design
4,,7,22693.46,187,False,,,340,3241.92,deliver bricks-and-clicks methodologies,7,qualified
7,,7,8312.88,188,False,,,496,1187.55,synthesize bricks-and-clicks niches,6,qualified
3,2020-02-28,11,3536.81,189,True,True,,585,321.53,facilitate frictionless technologies,12,closed_lost
6,2020-08-04,7,14424.27,190,True,True,,717,2060.61,generate 24/365 bandwidth,4,closed_lost
5,2020-06-05,5,18135.45,191,True,True,,762,3627.09,brand cross-platform methodologies,12,closed_lost
1,2020-06-19,2,23050.03,192,True,True,,815,11525.01,target vertical experiences,13,closed_lost
1,2019-12-24,6,19041.72,193,True,True,,428,3173.62,benchmark granular supply-chains,11,closed_lost
7,2019-07-29,10,10336.46,194,True,True,,558,1033.65,transform robust functionalities,6,closed_lost
2,2019-07-06,3,6367.09,195,True,True,,737,2122.36,facilitate synergistic ROI,5,closed_lost
3,2019-04-23,9,3075.28,196,True,,True,406,341.7,re-intermediate cross-media niches,23,closed_won
2,2020-01-19,9,11569.6,197,True,,True,868,1285.51,integrate cutting-edge content,6,closed_won
6,,2,9127.29,198,False,,,623,4563.65,enhance mission-critical communities,2,solution_design
5,2020-02-05,1,12848.44,199,True,True,,317,12848.44,implement one-to-one vortals,19,closed_lost
5,,5,24338.77,200,False,,,549,4867.75,strategize scalable partnerships,1,solution_design
7,2019-05-14,7,2270.94,201,True,True,,722,324.42,incubate world-class ROI,4,closed_lost
9,,9,18797.12,202,False,,,888,2088.57,implement revolutionary partnerships,20,qualified
5,,10,7528.1,203,False,,,545,752.81,innovate B2B functionalities,8,solution_design
4,2020-04-02,9,5328.8,204,True,,True,559,592.09,envisioneer enterprise solutions,10,closed_won
5,,8,2109.48,205,False,,,557,263.69,productize integrated e-markets,22,discovery
7,2019-10-20,2,11132.33,206,True,True,,213,5566.16,harness extensible bandwidth,5,closed_lost
4,2019-04-01,7,23029.93,207,True,,True,343,3289.99,strategize frictionless niches,3,closed_won
5,2020-01-17,10,10263.49,208,True,True,,609,1026.35,benchmark clicks-and-mortar e-commerce,23,closed_lost
7,2019-02-07,7,21856.01,209,True,True,,572,3122.29,re-contextualize mission-critical portals,4,closed_lost
7,,7,15112.7,210,False,,,374,2158.96,embrace visionary schemas,23,discovery
1,,10,12834.89,211,False,,,421,1283.49,extend 24/365 solutions,16,qualified
4,,10,22327.49,212,False,,,507,2232.75,matrix proactive e-business,21,solution_design
6,,1,8138.76,213,False,,,655,8138.76,scale dot-com functionalities,22,solution_design
8,,6,2635.41,214,False,,,788,439.23,strategize real-time vortals,2,qualified
1,2019-03-22,4,15590.2,215,True,,True,958,3897.55,orchestrate collaborative applications,17,closed_won
4,2020-06-09,5,14424.32,216,True,True,,352,2884.86,seize next-generation ROI,12,closed_lost
2,2020-07-13,10,14811.63,217,True,,True,593,1481.16,evolve plug-and-play e-markets,14,closed_won
1,,1,9805.03,218,False,,,296,9805.03,syndicate proactive platforms,5,discovery
4,,4,2808.21,219,False,,,324,702.05,maximize efficient experiences,16,discovery
5,,4,4029.44,220,False,,,779,1007.36,productize viral convergence,9,solution_design
8,2019-11-10,7,18239.26,221,True,True,,990,2605.61,aggregate scalable architectures,3,closed_lost
6,,1,7300.87,222,False,,,870,7300.87,utilize 24/365 communities,19,solution_design
5,2020-04-12,2,23960.19,223,True,,True,174,11980.09,transition one-to-one methodologies,11,closed_won
3,,3,18071.91,224,False,,,33,6023.97,whiteboard distributed systems,22,discovery
8,2020-09-10,6,6114.96,225,True,True,,615,1019.16,expedite cross-media solutions,10,closed_lost
2,2019-07-29,6,16170.63,226,True,,True,991,2695.11,iterate interactive mindshare,4,closed_won
2,2020-01-04,8,16016.34,227,True,True,,834,2002.04,e-enable killer action-items,3,closed_lost
2,2020-05-16,9,8400.89,228,True,True,,350,933.43,syndicate open-source users,13,closed_lost
9,2019-04-24,7,5955.58,229,True,,True,856,850.8,iterate mission-critical models,2,closed_won
8,,5,21023.34,230,False,,,912,4204.67,monetize impactful partnerships,21,qualified
6,2019-03-24,4,16927.37,231,True,True,,62,4231.84,utilize virtual content,9,closed_lost
2,2019-01-05,6,4140.0,232,True,,True,423,690.0,innovate transparent metrics,20,closed_won
4,,5,2303.25,233,False,,,489,460.65,transition clicks-and-mortar vortals,11,discovery
9,2019-01-27,9,15501.74,234,True,True,,300,1722.42,seize 24/7 deliverables,10,closed_lost
1,2019-11-07,1,19480.81,235,True,True,,58,19480.81,empower synergistic ROI,6,closed_lost
8,2019-12-03,3,17544.0,236,True,,True,170,5848.0,implement 24/7 supply-chains,24,closed_won
2,,8,16160.36,237,False,,,18,2020.05,engage visionary web services,19,qualified
9,2020-07-01,5,24576.59,238,True,,True,459,4915.32,aggregate integrated portals,19,closed_won
4,2020-01-25,11,19185.12,239,True,True,,221,1744.1,transform cross-media architectures,10,closed_lost
5,,10,16931.29,240,False,,,846,1693.13,repurpose rich channels,7,qualified
3,2019-08-30,11,21703.28,241,True,True,,38,1973.03,innovate back-end action-items,18,closed_lost
6,2019-02-28,11,12108.33,242,True,,True,4,1100.76,deliver scalable initiatives,19,closed_won
7,2020-10-06,11,1178.54,243,True,,True,182,107.14,synergize end-to-end interfaces,22,closed_won
6,2019-10-07,11,9689.23,244,True,,True,541,880.84,transform compelling channels,20,closed_won
5,,6,7536.98,245,False,,,860,1256.16,iterate e-business metrics,15,discovery
7,,6,14176.23,246,False,,,83,2362.7,productize bricks-and-clicks e-commerce,24,solution_design
9,2020-03-30,4,10919.56,247,True,True,,55,2729.89,incentivize 24/7 portals,4,closed_lost
8,,4,4805.34,248,False,,,626,1201.34,matrix real-time platforms,4,qualified
8,2019-10-07,4,709.61,249,True,,True,365,177.4,harness global web services,2,closed_won
9,2019-09-20,4,1635.73,250,True,,True,893,408.93,incubate robust infrastructures,8,closed_won
2,,3,5618.16,251,False,,,129,1872.72,leverage robust channels,1,solution_design
5,,6,20599.16,252,False,,,419,3433.19,evolve plug-and-play paradigms,2,discovery
3,,6,12805.83,253,False,,,819,2134.3,strategize sticky deliverables,10,discovery
6,2019-03-27,2,2287.93,254,True,True,,305,1143.96,redefine leading-edge deliverables,7,closed_lost
3,,3,15737.66,255,False,,,147,5245.89,evolve rich platforms,1,qualified
4,2020-07-04,4,372.61,256,True,,True,577,93.15,utilize back-end networks,21,closed_won
8,,4,5406.66,257,False,,,441,1351.66,incentivize seamless schemas,2,qualified
2,2019-10-22,5,22956.41,258,True,True,,981,4591.28,leverage dynamic platforms,1,closed_lost
2,2019-08-15,1,13035.97,259,True,,True,261,13035.97,facilitate world-class paradigms,21,closed_won
3,2019-12-21,3,3625.14,260,True,,True,965,1208.38,synthesize turn-key channels,17,closed_won
7,,3,16053.17,261,False,,,957,5351.06,implement scalable technologies,12,discovery
6,2019-06-23,5,13867.77,262,True,True,,411,2773.55,e-enable world-class synergies,16,closed_lost
3,2019-06-27,2,19200.71,263,True,,True,967,9600.35,re-contextualize collaborative technologies,8,closed_won
1,,8,4633.59,264,False,,,454,579.2,utilize viral metrics,2,solution_design
8,,4,21086.67,265,False,,,263,5271.67,transition compelling e-business,16,solution_design
4,2020-06-11,5,12961.43,266,True,True,,163,2592.29,utilize front-end initiatives,9,closed_lost
1,,4,22333.26,267,False,,,836,5583.31,grow 24/365 e-tailers,16,discovery
8,2020-01-16,1,2746.83,268,True,,True,618,2746.83,enhance innovative convergence,15,closed_won
4,2020-02-09,3,20544.04,269,True,True,,282,6848.01,optimize frictionless action-items,6,closed_lost
8,,5,12755.98,270,False,,,358,2551.2,maximize enterprise markets,5,solution_design
4,,3,15078.0,271,False,,,92,5026.0,grow revolutionary applications,20,solution_design
1,,8,12692.58,272,False,,,556,1586.57,morph integrated relationships,19,discovery
7,,11,24293.57,273,False,,,110,2208.51,deliver strategic users,16,qualified
1,2019-03-24,8,3720.13,274,True,,True,217,465.02,engage intuitive bandwidth,3,closed_won
1,,3,7360.77,275,False,,,758,2453.59,productize cutting-edge e-tailers,6,qualified
9,2019-03-27,7,5652.23,276,True,True,,631,807.46,syndicate extensible interfaces,1,closed_lost
3,2019-04-20,1,37.52,277,True,True,,357,37.52,syndicate collaborative partnerships,9,closed_lost
3,2020-01-19,11,14648.28,278,True,True,,996,1331.66,facilitate plug-and-play relationships,1,closed_lost
6,,7,218.54,279,False,,,938,31.22,utilize frictionless communities,18,discovery
9,,2,14005.03,280,False,,,690,7002.52,generate cross-platform functionalities,20,qualified
8,2019-03-25,3,10798.18,281,True,True,,906,3599.39,aggregate next-generation ROI,17,closed_lost
9,2019-03-11,1,11908.53,282,True,True,,491,11908.53,re-intermediate user-centric markets,24,closed_lost
5,,10,7181.81,283,False,,,619,718.18,matrix B2B initiatives,13,solution_design
2,,5,24286.47,284,False,,,705,4857.29,maximize vertical portals,19,qualified
1,2019-08-26,8,14408.62,285,True,True,,493,1801.08,visualize rich users,14,closed_lost
8,,3,11581.6,286,False,,,300,3860.53,exploit revolutionary networks,23,solution_design
5,2019-02-27,7,12707.66,287,True,True,,981,1815.38,seize cross-platform bandwidth,16,closed_lost
9,,6,12906.99,288,False,,,974,2151.16,morph cross-media initiatives,3,qualified
7,2019-12-22,8,14220.25,289,True,,True,25,1777.53,mesh holistic ROI,22,closed_won
9,,2,22549.55,290,False,,,63,11274.77,maximize end-to-end solutions,13,qualified
2,,3,10953.99,291,False,,,838,3651.33,leverage value-added content,16,qualified
5,2020-03-16,2,22311.94,292,True,,True,964,11155.97,maximize cross-media content,23,closed_won
6,,9,763.35,293,False,,,940,84.82,scale virtual mindshare,8,discovery
9,,6,18274.37,294,False,,,73,3045.73,e-enable efficient paradigms,22,solution_design
6,2019-09-19,11,22152.3,295,True,,True,126,2013.85,evolve efficient schemas,17,closed_won
5,2020-05-31,6,19199.94,296,True,True,,674,3199.99,redefine integrated networks,9,closed_lost
6,2019-03-02,7,14166.06,297,True,True,,668,2023.72,matrix collaborative solutions,11,closed_lost
2,2020-06-13,5,5476.69,298,True,,True,350,1095.34,facilitate out-of-the-box info-mediaries,2,closed_won
5,2019-10-05,4,21621.22,299,True,,True,342,5405.31,mesh out-of-the-box e-tailers,13,closed_won
8,2020-08-31,4,19875.62,300,True,True,,971,4968.9,cultivate virtual experiences,9,closed_lost
1,2020-03-02,7,7919.06,301,True,,True,730,1131.29,innovate cutting-edge experiences,21,closed_won
3,2020-05-10,3,13974.82,302,True,,True,233,4658.27,facilitate proactive synergies,19,closed_won
6,2020-08-16,5,23212.43,303,True,True,,873,4642.49,enable vertical architectures,22,closed_lost
7,2020-01-15,2,4324.17,304,True,,True,849,2162.09,optimize web-enabled users,23,closed_won
8,2020-07-26,3,14509.6,305,True,True,,169,4836.53,iterate sticky metrics,3,closed_lost
5,,4,15918.89,306,False,,,873,3979.72,unleash out-of-the-box deliverables,9,qualified
1,2019-02-25,4,14298.25,307,True,True,,50,3574.56,productize one-to-one functionalities,17,closed_lost
9,2019-02-28,6,20282.52,308,True,True,,436,3380.42,iterate viral models,21,closed_lost
8,2019-10-19,6,8557.48,309,True,True,,911,1426.25,optimize next-generation relationships,24,closed_lost
2,,9,12287.49,310,False,,,133,1365.28,integrate revolutionary infrastructures,18,qualified
7,,11,2192.65,311,False,,,240,199.33,whiteboard best-of-breed portals,6,qualified
6,2020-01-18,1,17617.17,312,True,True,,229,17617.17,architect visionary mindshare,4,closed_lost
3,2020-04-05,2,7917.38,313,True,True,,907,3958.69,scale synergistic info-mediaries,24,closed_lost
9,,8,3233.02,314,False,,,698,404.13,evolve killer ROI,15,solution_design
8,2019-08-15,7,7259.5,315,True,,True,167,1037.07,re-contextualize magnetic interfaces,6,closed_won
1,,11,20520.12,316,False,,,192,1865.47,engage virtual deliverables,24,qualified
7,,6,8440.59,317,False,,,469,1406.77,scale compelling web-readiness,14,solution_design
3,2019-05-02,11,11008.06,318,True,,True,520,1000.73,incentivize visionary niches,5,closed_won
6,2019-03-01,2,23683.46,319,True,True,,536,11841.73,monetize back-end e-commerce,17,closed_lost
2,,11,10071.01,320,False,,,15,915.55,scale one-to-one e-tailers,15,discovery
2,2020-09-01,7,7457.07,321,True,,True,48,1065.3,engineer web-enabled mindshare,21,closed_won
7,2019-02-28,3,10393.41,322,True,True,,448,3464.47,unleash sticky supply-chains,5,closed_lost
7,2019-04-20,9,13642.69,323,True,True,,351,1515.85,enable innovative networks,3,closed_lost
4,2019-03-30,9,5660.46,324,True,,True,220,628.94,visualize frictionless networks,14,closed_won
3,,9,17116.06,325,False,,,719,1901.78,incubate rich technologies,6,discovery
9,,10,6694.99,326,False,,,657,669.5,whiteboard B2B paradigms,15,solution_design
7,2019-06-16,9,17151.7,327,True,,True,412,1905.74,engineer wireless e-tailers,15,closed_won
1,,4,397.93,328,False,,,790,99.48,optimize turn-key channels,20,solution_design
2,,9,21295.44,329,False,,,27,2366.16,iterate value-added mindshare,16,qualified
1,2019-09-08,8,8966.06,330,True,True,,890,1120.76,disintermediate back-end info-mediaries,14,closed_lost
6,2019-08-24,4,15488.89,331,True,True,,648,3872.22,leverage customized action-items,18,closed_lost
6,2019-05-19,1,12813.03,332,True,True,,889,12813.03,matrix distributed paradigms,18,closed_lost
5,2019-10-28,8,18876.33,333,True,,True,576,2359.54,synergize best-of-breed synergies,8,closed_won
6,2020-03-16,3,8348.06,334,True,,True,646,2782.69,engage visionary eyeballs,24,closed_won
1,,9,20173.57,335,False,,,597,2241.51,innovate sticky synergies,4,qualified
9,2019-09-06,4,21776.78,336,True,,True,525,5444.19,engage extensible e-tailers,6,closed_won
2,2020-05-31,6,6753.91,337,True,,True,833,1125.65,optimize interactive architectures,4,closed_won
7,,1,1095.18,338,False,,,867,1095.18,unleash viral platforms,13,discovery
6,2020-08-28,9,6149.65,339,True,,True,624,683.29,transform real-time e-tailers,19,closed_won
6,,7,10740.51,340,False,,,873,1534.36,revolutionize leading-edge architectures,5,qualified
5,,2,14940.43,341,False,,,951,7470.22,strategize dot-com e-tailers,6,qualified
6,2020-03-28,5,16185.86,342,True,True,,372,3237.17,strategize virtual technologies,8,closed_lost
4,2020-03-28,1,167.72,343,True,True,,524,167.72,maximize back-end initiatives,6,closed_lost
9,2019-12-10,7,1515.72,344,True,,True,73,216.53,utilize 24/7 e-services,6,closed_won
5,,8,23399.4,345,False,,,400,2924.93,innovate wireless infrastructures,1,solution_design
2,2019-12-31,7,22910.01,346,True,True,,78,3272.86,strategize visionary niches,24,closed_lost
5,2020-06-25,3,20621.86,347,True,,True,603,6873.95,enhance robust models,16,closed_won
5,,1,20444.6,348,False,,,24,20444.6,target transparent portals,15,solution_design
4,,9,9889.79,349,False,,,685,1098.87,productize distributed vortals,9,discovery
9,2019-02-07,8,19052.96,350,True,True,,373,2381.62,visualize interactive partnerships,9,closed_lost
6,2019-01-20,4,17453.27,351,True,True,,683,4363.32,syndicate intuitive infrastructures,15,closed_lost
7,2019-02-11,5,19454.81,352,True,,True,174,3890.96,streamline web-enabled initiatives,15,closed_won
5,,8,19593.18,353,False,,,454,2449.15,utilize bleeding-edge channels,21,solution_design
2,2019-01-21,4,12832.08,354,True,,True,118,3208.02,matrix proactive communities,11,closed_won
1,2020-07-09,9,6151.85,355,True,True,,538,683.54,e-enable magnetic e-commerce,3,closed_lost
6,,4,1142.93,356,False,,,161,285.73,engineer best-of-breed experiences,3,qualified
7,2020-05-06,4,3541.3,357,True,True,,477,885.33,extend extensible metrics,5,closed_lost
8,,11,24579.39,358,False,,,290,2234.49,transition frictionless experiences,15,solution_design
4,2019-01-02,5,13226.98,359,True,True,,471,2645.4,extend transparent web-readiness,24,closed_lost
4,2020-02-22,10,427.46,360,True,True,,3,42.75,strategize open-source mindshare,4,closed_lost
6,,2,2864.9,361,False,,,731,1432.45,whiteboard leading-edge architectures,4,discovery
1,,5,14902.82,362,False,,,286,2980.56,transform synergistic bandwidth,18,discovery
1,2020-01-21,7,232.44,363,True,True,,367,33.21,disintermediate 24/365 vortals,23,closed_lost
9,,5,6110.08,364,False,,,617,1222.02,synthesize wireless ROI,2,discovery
5,2019-06-24,7,8355.24,365,True,True,,810,1193.61,benchmark collaborative systems,14,closed_lost
7,2020-02-16,3,23394.39,366,True,True,,408,7798.13,envisioneer distributed supply-chains,3,closed_lost
9,,3,21700.43,367,False,,,19,7233.48,seize visionary convergence,16,discovery
2,,3,18887.84,368,False,,,433,6295.95,syndicate bleeding-edge experiences,8,discovery
2,2020-03-03,11,21472.16,369,True,,True,684,1952.01,redefine seamless communities,14,closed_won
9,2019-12-07,2,457.54,370,True,,True,813,228.77,enable frictionless experiences,4,closed_won
7,,2,12537.61,371,False,,,500,6268.81,enhance cutting-edge applications,13,discovery
9,2019-05-12,10,23029.92,372,True,,True,509,2302.99,incubate mission-critical metrics,15,closed_won
9,2019-08-06,8,5479.61,373,True,True,,439,684.95,engage 24/365 users,9,closed_lost
4,2020-01-13,1,20212.47,374,True,True,,142,20212.47,re-contextualize rich mindshare,2,closed_lost
7,2019-12-08,9,8483.54,375,True,True,,446,942.62,generate plug-and-play e-tailers,11,closed_lost
5,2019-03-25,6,17109.67,376,True,,True,930,2851.61,cultivate bricks-and-clicks functionalities,3,closed_won
4,,11,16089.97,377,False,,,593,1462.72,repurpose back-end e-commerce,7,discovery
8,,11,13893.92,378,False,,,889,1263.08,target granular users,16,solution_design
5,,10,21564.11,379,False,,,172,2156.41,generate vertical metrics,16,qualified
6,2019-01-17,3,11957.48,380,True,True,,831,3985.83,re-intermediate plug-and-play infrastructures,21,closed_lost
8,2019-02-05,8,17834.67,381,True,,True,967,2229.33,reinvent wireless technologies,23,closed_won
8,,1,14759.18,382,False,,,735,14759.18,target mission-critical e-business,17,discovery
3,2019-06-24,10,8810.51,383,True,True,,853,881.05,drive enterprise networks,4,closed_lost
8,2019-02-13,7,8749.79,384,True,True,,364,1249.97,re-intermediate wireless content,16,closed_lost
3,2020-09-23,1,19778.33,385,True,True,,439,19778.33,seize best-of-breed mindshare,4,closed_lost
8,,5,11689.36,386,False,,,451,2337.87,generate 24/365 supply-chains,11,qualified
2,,11,1834.12,387,False,,,921,166.74,extend wireless systems,16,qualified
4,,1,20275.49,388,False,,,707,20275.49,leverage vertical action-items,10,solution_design
7,2020-02-03,5,21786.82,389,True,,True,424,4357.36,incubate leading-edge synergies,19,closed_won
5,2020-08-23,6,634.46,390,True,,True,599,105.74,enhance open-source applications,11,closed_won
6,2019-09-13,8,3101.26,391,True,,True,122,387.66,redefine intuitive e-services,13,closed_won
8,2020-08-19,2,11418.84,392,True,,True,386,5709.42,optimize innovative systems,7,closed_won
2,,9,22320.48,393,False,,,81,2480.05,mesh integrated networks,2,qualified
5,,7,21601.77,394,False,,,143,3085.97,synergize global users,10,qualified
8,2019-12-25,1,16134.76,395,True,True,,785,16134.76,envisioneer enterprise mindshare,4,closed_lost
3,2019-07-15,2,20877.26,396,True,,True,636,10438.63,drive sticky models,7,closed_won
6,2019-02-13,9,10140.46,397,True,,True,541,1126.72,synthesize integrated applications,18,closed_won
7,,2,1097.47,398,False,,,845,548.74,deploy granular channels,12,discovery
3,2019-12-11,9,19522.42,399,True,,True,286,2169.16,e-enable mission-critical web services,3,closed_won
2,2019-02-08,11,8495.72,400,True,,True,650,772.34,streamline seamless metrics,19,closed_won
1,,11,15773.67,401,False,,,89,1433.97,embrace web-enabled metrics,7,solution_design
7,,8,8967.52,402,False,,,97,1120.94,engineer global initiatives,23,discovery
2,,6,10992.12,403,False,,,911,1832.02,evolve real-time communities,13,discovery
5,,1,13204.47,404,False,,,109,13204.47,brand distributed e-business,19,discovery
9,,6,10600.18,405,False,,,360,1766.7,enhance intuitive models,4,qualified
8,2019-12-30,5,3409.33,406,True,True,,513,681.87,transform efficient bandwidth,1,closed_lost
5,2020-08-15,1,21467.53,407,True,,True,562,21467.53,deploy bricks-and-clicks networks,4,closed_won
1,,2,3912.0,408,False,,,625,1956.0,iterate magnetic e-tailers,18,discovery
2,2020-08-21,7,20038.77,409,True,,True,237,2862.68,disintermediate plug-and-play experiences,24,closed_won
4,2020-05-03,10,22255.41,410,True,True,,368,2225.54,reinvent magnetic infrastructures,14,closed_lost
2,,4,13384.53,411,False,,,265,3346.13,transform vertical systems,22,discovery
3,2020-10-07,8,10579.62,412,True,,True,119,1322.45,deliver turn-key platforms,21,closed_won
4,2019-02-09,1,11834.05,413,True,,True,819,11834.05,re-intermediate dot-com mindshare,24,closed_won
8,2019-08-08,10,18253.31,414,True,True,,798,1825.33,re-contextualize granular bandwidth,11,closed_lost
2,2019-08-11,5,8880.14,415,True,True,,188,1776.03,scale bleeding-edge experiences,22,closed_lost
6,2020-06-07,8,1499.32,416,True,True,,374,187.41,aggregate distributed models,1,closed_lost
6,2019-11-22,4,3610.64,417,True,,True,321,902.66,cultivate dot-com schemas,14,closed_won
9,,7,18690.18,418,False,,,633,2670.03,brand enterprise action-items,7,qualified
9,2020-04-29,2,8613.76,419,True,True,,210,4306.88,envisioneer frictionless deliverables,5,closed_lost
4,2019-12-02,9,12759.28,420,True,,True,548,1417.7,extend intuitive content,11,closed_won
6,2019-08-05,8,21468.76,421,True,True,,449,2683.59,leverage vertical web-readiness,22,closed_lost
5,2019-11-25,5,11908.75,422,True,,True,468,2381.75,drive leading-edge architectures,15,closed_won
6,,7,1644.82,423,False,,,728,234.97,utilize cross-media vortals,19,discovery
6,,8,23825.03,424,False,,,424,2978.13,enable web-enabled schemas,5,qualified
5,2020-08-21,4,18778.21,425,True,,True,233,4694.55,generate real-time e-commerce,19,closed_won
5,,11,18062.59,426,False,,,203,1642.05,syndicate plug-and-play metrics,5,qualified
6,,6,18009.44,427,False,,,443,3001.57,orchestrate customized methodologies,20,qualified
7,2020-02-06,7,20006.79,428,True,True,,602,2858.11,disintermediate leading-edge technologies,13,closed_lost
9,,5,19208.53,429,False,,,361,3841.71,unleash open-source supply-chains,20,solution_design
3,,4,4355.48,430,False,,,2,1088.87,envisioneer dot-com applications,14,discovery
4,2019-09-26,9,131.84,431,True,True,,917,14.65,cultivate interactive ROI,17,closed_lost
8,,7,19770.34,432,False,,,580,2824.33,e-enable killer models,17,discovery
7,,8,1703.13,433,False,,,686,212.89,generate transparent users,12,solution_design
7,2019-04-19,10,9475.05,434,True,,True,712,947.5,syndicate next-generation web services,17,closed_won
5,,5,8322.38,435,False,,,228,1664.48,scale rich users,23,solution_design
2,2019-05-25,10,3480.83,436,True,,True,165,348.08,aggregate strategic deliverables,18,closed_won
3,2019-06-13,2,5991.74,437,True,,True,689,2995.87,aggregate turn-key ROI,16,closed_won
1,2020-06-21,3,15653.34,438,True,True,,909,5217.78,leverage interactive e-services,13,closed_lost
1,2019-04-13,3,10650.49,439,True,True,,731,3550.16,generate global e-services,5,closed_lost
9,2020-06-01,1,250.35,440,True,True,,334,250.35,transform plug-and-play partnerships,1,closed_lost
8,2020-08-09,1,22018.9,441,True,True,,49,22018.9,cultivate viral e-services,8,closed_lost
9,2020-09-24,10,15050.11,442,True,True,,54,1505.01,scale next-generation deliverables,19,closed_lost
1,,4,18853.11,443,False,,,935,4713.28,empower transparent e-business,10,discovery
4,,3,10650.58,444,False,,,311,3550.19,transition cutting-edge networks,5,solution_design
6,2020-03-07,7,6915.23,445,True,,True,173,987.89,empower user-centric experiences,5,closed_won
3,,11,22988.94,446,False,,,840,2089.9,target transparent e-tailers,10,qualified
8,,3,20204.28,447,False,,,794,6734.76,synergize integrated channels,19,solution_design
6,2019-09-17,11,13900.29,448,True,,True,629,1263.66,morph enterprise supply-chains,22,closed_won
1,2019-11-23,3,20028.92,449,True,True,,184,6676.31,grow back-end applications,6,closed_lost
3,2019-09-24,3,14418.57,450,True,True,,998,4806.19,re-contextualize compelling models,5,closed_lost
6,2020-10-15,5,24389.39,451,True,,True,275,4877.88,exploit innovative convergence,16,closed_won
8,2020-02-02,8,24794.22,452,True,,True,151,3099.28,synergize mission-critical relationships,13,closed_won
1,,1,7734.89,453,False,,,618,7734.89,strategize front-end mindshare,22,discovery
9,2020-10-08,10,17790.44,454,True,True,,872,1779.04,grow cross-platform e-commerce,6,closed_lost
1,2020-04-14,3,8180.41,455,True,True,,606,2726.8,disintermediate visionary schemas,7,closed_lost
8,,8,12805.18,456,False,,,785,1600.65,synthesize seamless relationships,1,qualified
1,,9,16999.92,457,False,,,205,1888.88,generate open-source niches,21,solution_design
5,2019-04-04,7,5255.85,458,True,,True,954,750.84,grow interactive web-readiness,5,closed_won
2,,9,24709.19,459,False,,,548,2745.47,reinvent proactive schemas,14,discovery
5,,6,4154.93,460,False,,,649,692.49,incubate e-business users,14,discovery
2,,5,19502.01,461,False,,,36,3900.4,leverage wireless e-markets,13,discovery
2,,5,16181.94,462,False,,,506,3236.39,grow frictionless deliverables,3,discovery
7,2019-01-16,10,14354.68,463,True,True,,737,1435.47,extend rich interfaces,9,closed_lost
3,,11,19139.72,464,False,,,502,1739.97,extend strategic deliverables,17,solution_design
6,,3,13154.72,465,False,,,961,4384.91,expedite user-centric deliverables,14,qualified
1,2019-06-11,9,6485.82,466,True,True,,428,720.65,maximize impactful communities,17,closed_lost
2,2019-07-16,5,1122.98,467,True,,True,634,224.6,exploit seamless portals,12,closed_won
1,2020-03-11,7,24577.7,468,True,True,,146,3511.1,optimize world-class interfaces,8,closed_lost
6,,5,2090.03,469,False,,,491,418.01,exploit integrated technologies,2,solution_design
6,2020-09-21,7,18562.47,470,True,True,,419,2651.78,visualize innovative web services,1,closed_lost
5,2019-05-23,2,8400.85,471,True,True,,743,4200.43,engage user-centric bandwidth,11,closed_lost
1,,4,12768.08,472,False,,,560,3192.02,re-intermediate e-business deliverables,24,solution_design
4,2019-08-28,4,15692.58,473,True,,True,260,3923.14,morph holistic ROI,9,closed_won
6,,3,12183.02,474,False,,,960,4061.01,empower user-centric synergies,9,discovery
9,2019-05-19,10,14965.14,475,True,,True,292,1496.51,integrate robust methodologies,21,closed_won
7,2019-08-29,11,24504.29,476,True,,True,232,2227.66,morph real-time markets,6,closed_won
8,,11,11915.71,477,False,,,153,1083.25,facilitate seamless metrics,12,discovery
4,,6,23759.98,478,False,,,219,3960.0,implement leading-edge web-readiness,1,discovery
6,2020-09-29,2,8450.8,479,True,True,,887,4225.4,morph one-to-one mindshare,14,closed_lost
4,2019-02-17,5,22469.71,480,True,,True,858,4493.94,optimize B2B models,5,closed_won
1,2019-01-10,7,14812.73,481,True,True,,610,2116.1,redefine virtual systems,1,closed_lost
2,2020-09-30,8,14173.36,482,True,,True,3,1771.67,cultivate turn-key architectures,11,closed_won
9,2020-03-23,10,22915.29,483,True,True,,194,2291.53,iterate B2C synergies,1,closed_lost
9,,5,1679.95,484,False,,,264,335.99,enhance killer infrastructures,19,discovery
3,,2,21519.94,485,False,,,421,10759.97,orchestrate best-of-breed paradigms,10,qualified
7,2019-05-07,9,9329.97,486,True,True,,910,1036.66,matrix wireless models,23,closed_lost
5,2020-10-01,9,24681.53,487,True,,True,970,2742.39,generate extensible bandwidth,22,closed_won
3,,7,4238.8,488,False,,,572,605.54,engage out-of-the-box web-readiness,17,qualified
9,2020-03-16,7,13233.68,489,True,,True,122,1890.53,utilize ubiquitous solutions,6,closed_won
3,,1,14770.57,490,False,,,792,14770.57,synergize seamless solutions,12,solution_design
8,,7,9498.37,491,False,,,675,1356.91,leverage clicks-and-mortar action-items,12,solution_design
4,,2,9002.06,492,False,,,255,4501.03,repurpose 24/365 methodologies,10,discovery
6,2020-01-14,10,23728.15,493,True,True,,915,2372.82,incubate scalable convergence,4,closed_lost
2,,11,14315.45,494,False,,,808,1301.4,leverage virtual bandwidth,19,qualified
7,,5,23551.2,495,False,,,591,4710.24,re-contextualize best-of-breed e-business,19,qualified
4,2019-11-11,10,4282.35,496,True,True,,388,428.24,envisioneer intuitive markets,7,closed_lost
8,2019-12-15,8,9000.29,497,True,,True,429,1125.04,reinvent intuitive deliverables,24,closed_won
8,,5,11952.98,498,False,,,629,2390.6,drive enterprise mindshare,4,solution_design
9,2020-03-12,5,4960.88,499,True,True,,319,992.18,generate bleeding-edge web-readiness,6,closed_lost
3,2020-01-17,10,6832.28,500,True,,True,642,683.23,expedite dot-com applications,11,closed_won
3,2020-06-14,3,15248.7,501,True,True,,257,5082.9,scale viral supply-chains,4,closed_lost
6,2019-04-14,9,22676.4,502,True,,True,27,2519.6,deploy revolutionary applications,10,closed_won
8,2020-07-09,2,19764.0,503,True,True,,151,9882.0,visualize next-generation e-services,16,closed_lost
3,2020-10-17,6,20816.55,504,True,True,,189,3469.42,optimize granular niches,10,closed_lost
7,2020-03-02,11,3881.58,505,True,,True,387,352.87,syndicate leading-edge channels,14,closed_won
2,,1,6241.9,506,False,,,217,6241.9,engineer cross-platform deliverables,17,discovery
8,2020-04-16,5,19512.88,507,True,,True,469,3902.58,disintermediate value-added e-markets,15,closed_won
3,,6,17244.37,508,False,,,413,2874.06,repurpose frictionless bandwidth,11,solution_design
7,2019-03-13,5,20411.9,509,True,,True,79,4082.38,deploy bleeding-edge web services,5,closed_won
8,2020-08-18,9,19534.49,510,True,,True,428,2170.5,integrate wireless solutions,24,closed_won
9,2020-04-06,5,4886.63,511,True,,True,620,977.33,maximize impactful portals,1,closed_won
8,,2,420.55,512,False,,,21,210.28,innovate front-end networks,13,discovery
1,2020-01-15,11,1927.15,513,True,,True,40,175.2,exploit global partnerships,11,closed_won
3,2020-08-30,7,5608.82,514,True,,True,59,801.26,monetize revolutionary models,11,closed_won
1,2019-07-15,5,16485.58,515,True,,True,943,3297.12,whiteboard visionary info-mediaries,20,closed_won
8,,2,6916.56,516,False,,,626,3458.28,grow revolutionary initiatives,14,discovery
3,2019-11-12,11,24628.56,517,True,,True,222,2238.96,deploy cutting-edge ROI,16,closed_won
2,,4,7164.59,518,False,,,305,1791.15,reinvent vertical users,5,discovery
2,2020-08-19,3,9211.63,519,True,True,,755,3070.54,visualize vertical e-markets,22,closed_lost
1,2020-10-02,10,20144.11,520,True,,True,183,2014.41,re-intermediate frictionless infrastructures,24,closed_won
6,2019-10-21,5,18666.26,521,True,True,,179,3733.25,re-intermediate customized communities,24,closed_lost
6,2019-10-25,1,4245.58,522,True,,True,239,4245.58,maximize innovative web-readiness,10,closed_won
6,,1,23927.1,523,False,,,591,23927.1,facilitate sticky methodologies,7,qualified
9,,11,1280.64,524,False,,,813,116.42,benchmark real-time ROI,22,discovery
6,,3,11207.58,525,False,,,598,3735.86,strategize bricks-and-clicks applications,3,solution_design
2,,5,14778.24,526,False,,,704,2955.65,deploy holistic deliverables,4,solution_design
1,,6,6999.15,527,False,,,210,1166.52,extend bricks-and-clicks e-commerce,3,qualified
3,,3,13264.59,528,False,,,371,4421.53,mesh cutting-edge e-tailers,6,qualified
3,2019-08-19,11,20977.29,529,True,True,,336,1907.03,engage B2C models,16,closed_lost
8,,3,17174.91,530,False,,,676,5724.97,enhance distributed portals,24,discovery
8,2020-04-22,10,24853.06,531,True,True,,704,2485.31,transform real-time info-mediaries,11,closed_lost
6,,9,601.78,532,False,,,514,66.86,aggregate next-generation schemas,23,solution_design
1,2020-06-01,4,6408.05,533,True,True,,929,1602.01,evolve interactive deliverables,14,closed_lost
1,2019-11-14,2,1036.19,534,True,,True,709,518.1,orchestrate web-enabled infrastructures,17,closed_won
3,,7,16333.54,535,False,,,405,2333.36,empower efficient platforms,12,qualified
9,,8,13019.56,536,False,,,916,1627.44,syndicate integrated action-items,11,qualified
9,,11,3472.82,537,False,,,856,315.71,enable innovative bandwidth,3,qualified
3,,9,19813.05,538,False,,,754,2201.45,incubate plug-and-play ROI,22,solution_design
5,,7,4767.65,539,False,,,675,681.09,integrate distributed supply-chains,6,discovery
1,,11,21090.57,540,False,,,634,1917.32,cultivate end-to-end users,13,solution_design
3,,11,20398.56,541,False,,,522,1854.41,streamline compelling e-markets,22,solution_design
4,2019-09-08,3,9592.26,542,True,,True,437,3197.42,architect interactive eyeballs,12,closed_won
7,2020-08-21,10,15067.77,543,True,True,,87,1506.78,implement web-enabled users,13,closed_lost
7,,7,22108.45,544,False,,,520,3158.35,maximize synergistic markets,18,qualified
8,2020-08-21,2,5484.66,545,True,,True,367,2742.33,synergize impactful paradigms,14,closed_won
6,,11,1853.22,546,False,,,707,168.47,harness value-added vortals,23,solution_design
6,2019-02-01,6,7473.01,547,True,,True,665,1245.5,seize end-to-end channels,6,closed_won
8,,2,23443.16,548,False,,,318,11721.58,synthesize B2C eyeballs,21,solution_design
5,,6,1886.41,549,False,,,399,314.4,streamline interactive markets,23,solution_design
2,,10,22001.94,550,False,,,575,2200.19,embrace customized e-commerce,16,solution_design
5,,9,24247.58,551,False,,,157,2694.18,exploit world-class synergies,10,discovery
9,2019-10-24,3,5004.43,552,True,,True,951,1668.14,matrix cutting-edge schemas,17,closed_won
7,2019-11-16,9,77.89,553,True,True,,76,8.65,redefine visionary communities,15,closed_lost
8,2019-08-29,4,21576.22,554,True,,True,227,5394.06,morph B2C vortals,11,closed_won
3,2020-07-07,8,17809.39,555,True,True,,55,2226.17,whiteboard front-end channels,21,closed_lost
8,,8,5654.14,556,False,,,905,706.77,facilitate holistic e-markets,2,discovery
1,,9,12992.67,557,False,,,600,1443.63,morph magnetic applications,11,solution_design
5,2020-03-04,1,11645.71,558,True,True,,32,11645.71,envisioneer world-class e-markets,17,closed_lost
4,2020-03-02,9,3679.16,559,True,True,,431,408.8,engineer mission-critical methodologies,2,closed_lost
6,,6,14218.59,560,False,,,311,2369.76,incentivize 24/7 interfaces,21,discovery
4,,11,4288.03,561,False,,,324,389.82,iterate interactive initiatives,4,solution_design
3,2020-01-23,7,1293.69,562,True,True,,92,184.81,cultivate robust web-readiness,23,closed_lost
7,2020-07-16,7,12237.67,563,True,,True,804,1748.24,drive end-to-end deliverables,22,closed_won
4,2019-01-06,11,17641.38,564,True,True,,116,1603.76,benchmark web-enabled networks,13,closed_lost
4,2020-09-06,2,7109.68,565,True,,True,20,3554.84,benchmark end-to-end networks,19,closed_won
4,2019-02-02,10,13488.58,566,True,True,,904,1348.86,architect ubiquitous e-business,5,closed_lost
5,,2,13512.17,567,False,,,853,6756.09,incentivize wireless platforms,20,solution_design
1,,4,9627.89,568,False,,,228,2406.97,seize enterprise markets,16,discovery
8,2020-06-15,9,15748.16,569,True,True,,679,1749.8,deploy turn-key vortals,9,closed_lost
1,2019-11-01,2,8807.26,570,True,True,,942,4403.63,grow cross-media relationships,9,closed_lost
7,2020-06-17,11,7423.26,571,True,,True,852,674.84,extend revolutionary convergence,5,closed_won
9,,11,17094.72,572,False,,,376,1554.07,re-intermediate efficient relationships,16,solution_design
8,2019-01-31,3,20179.68,573,True,True,,259,6726.56,redefine cross-media e-services,12,closed_lost
8,,6,15708.06,574,False,,,938,2618.01,architect extensible mindshare,22,solution_design
5,2020-09-30,7,1061.46,575,True,,True,340,151.64,engineer global ROI,6,closed_won
2,2019-12-28,7,16698.92,576,True,,True,798,2385.56,unleash integrated metrics,18,closed_won
6,,7,3629.46,577,False,,,710,518.49,implement proactive web-readiness,5,discovery
4,2020-06-16,5,5854.88,578,True,True,,949,1170.98,scale bricks-and-clicks methodologies,13,closed_lost
9,2019-06-05,3,763.63,579,True,True,,51,254.54,synergize B2C convergence,16,closed_lost
3,2020-08-05,8,6722.77,580,True,,True,553,840.35,exploit bleeding-edge methodologies,8,closed_won
2,2020-07-20,7,6435.4,581,True,,True,188,919.34,syndicate ubiquitous systems,13,closed_won
4,2020-08-29,3,18056.24,582,True,True,,628,6018.75,matrix sticky mindshare,8,closed_lost
7,2020-08-09,5,10461.87,583,True,,True,24,2092.37,orchestrate synergistic metrics,12,closed_won
5,2020-06-26,7,4205.8,584,True,,True,104,600.83,synthesize user-centric markets,5,closed_won
5,,3,12752.96,585,False,,,894,4250.99,matrix robust models,3,qualified
4,,5,15020.48,586,False,,,806,3004.1,iterate end-to-end niches,19,discovery
9,,6,385.19,587,False,,,908,64.2,grow world-class e-services,16,discovery
6,,3,8751.55,588,False,,,70,2917.18,engage impactful e-tailers,19,discovery
6,2020-04-16,5,6491.7,589,True,True,,394,1298.34,repurpose dynamic markets,4,closed_lost
7,,8,18313.74,590,False,,,801,2289.22,cultivate sticky schemas,10,qualified
6,2020-01-13,5,3573.42,591,True,,True,641,714.68,iterate enterprise bandwidth,11,closed_won
4,2019-09-25,4,15166.03,592,True,,True,579,3791.51,reinvent integrated vortals,20,closed_won
4,2019-10-04,9,9113.76,593,True,True,,250,1012.64,orchestrate open-source mindshare,2,closed_lost
8,2020-09-24,10,3376.41,594,True,,True,25,337.64,utilize transparent networks,16,closed_won
3,2019-04-15,7,5418.1,595,True,True,,578,774.01,incentivize web-enabled channels,24,closed_lost
7,,10,17696.96,596,False,,,438,1769.7,re-intermediate plug-and-play bandwidth,18,discovery
3,,9,9136.51,597,False,,,693,1015.17,evolve bricks-and-clicks bandwidth,11,discovery
6,,10,7124.69,598,False,,,200,712.47,seize magnetic technologies,6,discovery
7,2020-01-06,1,23025.57,599,True,,True,649,23025.57,extend turn-key initiatives,4,closed_won
9,,1,10245.92,600,False,,,230,10245.92,scale frictionless info-mediaries,5,solution_design
3,2020-09-09,2,4106.67,601,True,,True,428,2053.34,utilize web-enabled infrastructures,20,closed_won
3,2019-12-01,1,4071.92,602,True,True,,745,4071.92,benchmark compelling functionalities,20,closed_lost
9,,2,18607.45,603,False,,,205,9303.73,visualize front-end communities,12,discovery
7,2020-04-16,10,12606.15,604,True,True,,152,1260.62,evolve B2B action-items,20,closed_lost
4,2019-08-19,4,954.54,605,True,True,,182,238.63,e-enable next-generation methodologies,7,closed_lost
3,2020-05-22,1,18931.48,606,True,True,,576,18931.48,maximize strategic solutions,15,closed_lost
8,,8,15856.92,607,False,,,70,1982.12,maximize cross-media communities,24,discovery
6,2019-11-25,8,5739.12,608,True,True,,106,717.39,iterate efficient infrastructures,7,closed_lost
6,,11,1195.56,609,False,,,374,108.69,innovate B2C action-items,4,qualified
4,,7,10168.85,610,False,,,855,1452.69,synergize front-end networks,7,discovery
2,2019-09-24,2,4576.51,611,True,,True,278,2288.26,productize back-end applications,15,closed_won
7,,4,8983.97,612,False,,,691,2245.99,visualize visionary synergies,17,discovery
4,,8,15142.73,613,False,,,691,1892.84,transform bleeding-edge vortals,22,solution_design
3,2019-09-16,2,1512.43,614,True,,True,238,756.22,unleash dot-com metrics,3,closed_won
5,2019-08-13,1,15211.69,615,True,True,,867,15211.69,scale integrated markets,15,closed_lost
6,2020-08-03,3,20290.45,616,True,True,,341,6763.48,grow back-end schemas,3,closed_lost
9,2019-07-03,11,2530.06,617,True,,True,658,230.01,disintermediate integrated e-business,5,closed_won
2,,5,20810.44,618,False,,,866,4162.09,productize end-to-end methodologies,4,qualified
8,2020-03-22,7,3803.08,619,True,,True,319,543.3,deploy web-enabled partnerships,6,closed_won
4,2019-05-03,2,334.55,620,True,True,,5,167.28,brand bricks-and-clicks infrastructures,17,closed_lost
7,2020-01-07,2,12636.47,621,True,True,,498,6318.23,repurpose B2C experiences,17,closed_lost
5,,2,16547.97,622,False,,,921,8273.99,monetize visionary communities,22,qualified
1,,1,5465.19,623,False,,,231,5465.19,revolutionize back-end portals,19,solution_design
7,,10,9613.46,624,False,,,891,961.35,brand real-time systems,3,qualified
7,2020-02-23,7,14439.1,625,True,True,,19,2062.73,maximize next-generation initiatives,18,closed_lost
3,2020-03-02,9,20268.02,626,True,,True,238,2252.0,utilize bleeding-edge synergies,7,closed_won
1,,6,22663.68,627,False,,,399,3777.28,disintermediate robust action-items,1,solution_design
3,2019-04-02,8,7002.51,628,True,,True,828,875.31,mesh ubiquitous architectures,2,closed_won
7,,5,11270.44,629,False,,,89,2254.09,harness bleeding-edge synergies,16,discovery
9,,1,22703.07,630,False,,,934,22703.07,e-enable open-source deliverables,20,qualified
4,,8,16598.09,631,False,,,732,2074.76,evolve 24/365 technologies,9,discovery
1,2019-04-02,1,14502.23,632,True,,True,942,14502.23,embrace frictionless metrics,23,closed_won
4,2019-04-17,5,23923.14,633,True,,True,956,4784.63,harness customized channels,5,closed_won
4,2019-10-18,3,16005.49,634,True,True,,350,5335.16,monetize strategic platforms,14,closed_lost
3,2019-07-02,10,7832.86,635,True,True,,868,783.29,syndicate collaborative niches,17,closed_lost
5,,11,20783.22,636,False,,,186,1889.38,leverage mission-critical niches,19,qualified
3,2019-01-22,1,16257.1,637,True,True,,789,16257.1,syndicate compelling web-readiness,18,closed_lost
4,2019-07-07,5,10642.06,638,True,,True,854,2128.41,generate enterprise communities,13,closed_won
2,,4,12861.42,639,False,,,622,3215.36,extend scalable bandwidth,6,solution_design
9,,2,20955.68,640,False,,,371,10477.84,whiteboard end-to-end schemas,19,solution_design
8,2020-07-16,3,24831.76,641,True,True,,746,8277.25,empower user-centric markets,6,closed_lost
8,,8,9451.62,642,False,,,611,1181.45,evolve impactful metrics,3,solution_design
6,2020-05-03,1,9256.15,643,True,,True,337,9256.15,strategize 24/7 portals,16,closed_won
6,2020-01-12,3,14177.0,644,True,,True,32,4725.67,drive end-to-end initiatives,21,closed_won
3,,8,520.7,645,False,,,829,65.09,synergize cross-platform mindshare,6,discovery
2,2020-09-27,2,8154.49,646,True,,True,115,4077.24,matrix customized ROI,16,closed_won
1,2020-09-22,7,5327.28,647,True,True,,883,761.04,repurpose web-enabled supply-chains,11,closed_lost
7,,9,520.88,648,False,,,426,57.88,extend front-end communities,1,qualified
9,,4,5511.14,649,False,,,818,1377.79,generate proactive convergence,10,qualified
7,2019-11-23,8,9476.76,650,True,True,,580,1184.6,implement best-of-breed paradigms,10,closed_lost
4,2020-02-03,5,9383.3,651,True,True,,752,1876.66,facilitate granular info-mediaries,14,closed_lost
5,,11,22542.18,652,False,,,737,2049.29,engineer strategic channels,12,discovery
7,2020-10-10,7,7541.61,653,True,,True,114,1077.37,extend compelling initiatives,6,closed_won
5,,5,4142.93,654,False,,,26,828.59,empower bleeding-edge action-items,4,solution_design
3,2020-02-13,7,17034.78,655,True,True,,635,2433.54,reinvent holistic ROI,8,closed_lost
5,,3,8224.07,656,False,,,930,2741.36,enhance cross-platform partnerships,22,discovery
3,2020-09-06,9,16320.8,657,True,True,,872,1813.42,reinvent bleeding-edge action-items,15,closed_lost
4,2020-07-02,4,22393.78,658,True,True,,367,5598.44,orchestrate 24/7 applications,23,closed_lost
5,,11,22402.64,659,False,,,462,2036.6,incubate synergistic e-markets,7,solution_design
7,,9,3733.73,660,False,,,931,414.86,matrix wireless portals,8,qualified
5,2019-04-19,7,750.78,661,True,,True,333,107.25,benchmark distributed users,23,closed_won
6,,5,18012.44,662,False,,,96,3602.49,streamline proactive methodologies,7,solution_design
6,,4,15179.62,663,False,,,433,3794.91,incentivize e-business functionalities,1,discovery
8,,5,15450.31,664,False,,,919,3090.06,unleash efficient applications,12,qualified
9,,5,491.67,665,False,,,686,98.33,benchmark frictionless web-readiness,18,qualified
1,,10,19867.46,666,False,,,934,1986.75,transform seamless info-mediaries,16,discovery
1,,4,11511.34,667,False,,,840,2877.84,seize open-source models,11,solution_design
5,,11,16294.61,668,False,,,855,1481.33,expedite cutting-edge models,23,solution_design
7,,2,13605.18,669,False,,,931,6802.59,expedite end-to-end systems,7,solution_design
2,2019-03-06,6,7206.31,670,True,True,,447,1201.05,repurpose ubiquitous niches,10,closed_lost
9,2019-04-16,3,19975.95,671,True,,True,993,6658.65,maximize value-added experiences,9,closed_won
7,2019-03-27,2,621.1,672,True,,True,147,310.55,harness cross-media infrastructures,5,closed_won
8,2019-07-10,3,4767.83,673,True,True,,443,1589.28,disintermediate synergistic networks,5,closed_lost
9,,2,17110.14,674,False,,,662,8555.07,drive global vortals,7,discovery
6,2020-03-17,2,22096.65,675,True,,True,347,11048.33,exploit wireless methodologies,12,closed_won
6,,7,24311.58,676,False,,,189,3473.08,engineer mission-critical e-business,3,qualified
7,2020-05-13,8,24857.04,677,True,,True,862,3107.13,monetize value-added users,6,closed_won
2,,9,17960.92,678,False,,,587,1995.66,maximize efficient convergence,15,qualified
2,,10,19786.54,679,False,,,811,1978.65,unleash bricks-and-clicks models,8,discovery
5,,7,2581.33,680,False,,,742,368.76,generate seamless supply-chains,24,discovery
4,2020-06-21,6,17596.01,681,True,,True,120,2932.67,maximize real-time initiatives,5,closed_won
8,2019-05-07,6,589.11,682,True,True,,728,98.19,transition one-to-one mindshare,3,closed_lost
5,,6,22947.12,683,False,,,922,3824.52,reinvent proactive interfaces,12,discovery
2,,9,7471.91,684,False,,,986,830.21,productize customized e-business,13,solution_design
6,,6,1489.66,685,False,,,640,248.28,leverage open-source ROI,9,solution_design
3,,8,23204.93,686,False,,,732,2900.62,enhance bricks-and-clicks mindshare,2,discovery
7,2019-03-01,9,12548.74,687,True,,True,260,1394.3,benchmark sticky e-business,8,closed_won
3,2019-03-29,2,5615.51,688,True,True,,268,2807.76,mesh next-generation technologies,19,closed_lost
1,,3,7553.2,689,False,,,781,2517.73,engage frictionless e-tailers,17,qualified
9,2020-02-26,11,18131.31,690,True,,True,850,1648.3,matrix world-class communities,23,closed_won
8,2019-01-23,9,12764.86,691,True,,True,797,1418.32,morph proactive schemas,12,closed_won
9,,4,8593.82,692,False,,,349,2148.45,engineer cross-media relationships,20,solution_design
5,2020-01-20,1,16335.3,693,True,,True,711,16335.3,monetize intuitive synergies,18,closed_won
1,2019-04-28,4,792.45,694,True,True,,723,198.11,visualize sticky bandwidth,2,closed_lost
3,,3,18503.35,695,False,,,510,6167.78,benchmark plug-and-play e-services,4,discovery
8,2019-12-04,4,4266.92,696,True,,True,315,1066.73,expedite out-of-the-box convergence,23,closed_won
9,2020-08-23,6,9055.1,697,True,,True,797,1509.18,deliver clicks-and-mortar paradigms,9,closed_won
9,,5,9185.2,698,False,,,211,1837.04,scale bricks-and-clicks models,6,solution_design
3,,11,10887.84,699,False,,,256,989.8,facilitate world-class methodologies,13,qualified
3,2019-02-10,3,9261.73,700,True,True,,702,3087.24,facilitate e-business functionalities,19,closed_lost
6,2019-02-05,7,11089.94,701,True,,True,980,1584.28,visualize visionary e-markets,4,closed_won
4,2020-07-10,11,21636.71,702,True,True,,482,1966.97,strategize clicks-and-mortar web services,14,closed_lost
6,,3,22568.9,703,False,,,349,7522.97,implement real-time e-commerce,23,qualified
3,,8,2805.15,704,False,,,355,350.64,e-enable e-business e-markets,5,solution_design
3,,4,21567.2,705,False,,,809,5391.8,evolve dynamic architectures,3,qualified
3,2019-10-08,1,3757.69,706,True,,True,669,3757.69,harness sticky eyeballs,17,closed_won
2,,8,22708.47,707,False,,,627,2838.56,re-intermediate cutting-edge action-items,4,qualified
3,2020-06-12,8,13131.25,708,True,,True,569,1641.41,iterate frictionless convergence,17,closed_won
7,2020-08-30,4,19051.95,709,True,,True,347,4762.99,morph end-to-end users,9,closed_won
1,2019-09-30,11,13283.06,710,True,True,,413,1207.55,morph seamless functionalities,10,closed_lost
8,2019-04-17,1,24477.03,711,True,True,,301,24477.03,matrix e-business partnerships,15,closed_lost
9,,2,16567.3,712,False,,,984,8283.65,re-intermediate innovative metrics,22,solution_design
6,,10,21367.95,713,False,,,904,2136.8,utilize viral relationships,21,solution_design
7,2020-10-14,2,6619.71,714,True,,True,632,3309.86,envisioneer customized e-markets,18,closed_won
3,,11,9984.75,715,False,,,46,907.7,synthesize frictionless vortals,15,discovery
2,,7,13811.59,716,False,,,160,1973.08,harness ubiquitous channels,23,solution_design
3,2020-03-09,8,1577.55,717,True,True,,512,197.19,empower web-enabled synergies,21,closed_lost
5,,8,12523.65,718,False,,,944,1565.46,generate strategic deliverables,24,solution_design
3,2019-10-18,7,1063.33,719,True,True,,377,151.9,synthesize global methodologies,15,closed_lost
6,2020-03-07,4,5079.07,720,True,,True,765,1269.77,drive magnetic technologies,11,closed_won
5,2019-05-26,2,1022.86,721,True,,True,574,511.43,optimize strategic markets,17,closed_won
2,,11,16563.64,722,False,,,145,1505.79,enable front-end infrastructures,10,qualified
5,2019-04-19,3,10341.21,723,True,True,,876,3447.07,exploit user-centric supply-chains,15,closed_lost
4,,8,19974.6,724,False,,,728,2496.82,benchmark next-generation e-business,19,discovery
3,2019-10-16,5,2719.26,725,True,,True,770,543.85,extend cutting-edge mindshare,23,closed_won
2,,3,3260.17,726,False,,,389,1086.72,enable best-of-breed functionalities,4,qualified
7,,7,22235.55,727,False,,,560,3176.51,harness rich networks,11,solution_design
9,,4,17131.38,728,False,,,231,4282.85,scale dot-com mindshare,11,qualified
6,2020-03-17,5,13278.78,729,True,,True,239,2655.76,visualize end-to-end web services,7,closed_won
2,,10,18954.58,730,False,,,619,1895.46,transition cross-platform initiatives,8,solution_design
4,,1,13211.37,731,False,,,877,13211.37,morph dynamic bandwidth,19,discovery
6,,7,14312.73,732,False,,,553,2044.68,engage end-to-end paradigms,4,qualified
9,,9,21930.58,733,False,,,777,2436.73,leverage web-enabled platforms,12,qualified
1,,8,15820.31,734,False,,,427,1977.54,engage front-end e-services,2,qualified
2,2020-07-10,3,15578.12,735,True,,True,3,5192.71,transform out-of-the-box content,22,closed_won
8,,4,18337.1,736,False,,,778,4584.27,mesh end-to-end systems,4,discovery
3,,6,15696.82,737,False,,,994,2616.14,optimize clicks-and-mortar portals,13,solution_design
8,,4,20390.69,738,False,,,613,5097.67,innovate intuitive metrics,2,qualified
6,2020-09-28,7,22286.92,739,True,,True,409,3183.85,envisioneer best-of-breed relationships,11,closed_won
6,,5,24861.03,740,False,,,786,4972.21,morph frictionless web services,2,solution_design
3,2019-10-28,11,24066.76,741,True,True,,571,2187.89,target web-enabled info-mediaries,14,closed_lost
1,,10,1290.92,742,False,,,674,129.09,unleash cross-platform methodologies,17,discovery
5,,9,18853.23,743,False,,,814,2094.8,redefine customized e-markets,18,qualified
2,,7,6724.93,744,False,,,157,960.7,utilize proactive channels,7,solution_design
3,,7,23519.14,745,False,,,234,3359.88,iterate holistic e-tailers,7,solution_design
4,2020-08-31,10,23745.38,746,True,,True,697,2374.54,re-intermediate clicks-and-mortar content,9,closed_won
8,,6,9634.36,747,False,,,937,1605.73,architect dot-com technologies,12,qualified
8,2019-04-28,8,22118.53,748,True,,True,759,2764.82,aggregate distributed e-services,16,closed_won
6,,2,16525.79,749,False,,,297,8262.9,utilize end-to-end applications,15,discovery
1,2019-06-12,4,4763.21,750,True,True,,281,1190.8,maximize granular schemas,7,closed_lost
7,2020-01-30,7,733.52,751,True,,True,42,104.79,empower ubiquitous deliverables,23,closed_won
1,2019-08-06,8,14365.19,752,True,,True,315,1795.65,engineer front-end applications,6,closed_won
7,,7,601.61,753,False,,,53,85.94,exploit e-business mindshare,24,discovery
8,2019-03-05,7,11788.67,754,True,True,,489,1684.1,evolve B2C platforms,19,closed_lost
5,,10,5540.25,755,False,,,64,554.02,empower scalable portals,9,qualified
7,,3,15481.0,756,False,,,379,5160.33,brand scalable e-business,19,discovery
7,2020-01-31,1,410.64,757,True,,True,47,410.64,exploit world-class markets,13,closed_won
7,2019-08-15,6,22172.05,758,True,True,,90,3695.34,extend next-generation content,15,closed_lost
6,,9,1935.57,759,False,,,246,215.06,utilize dot-com e-commerce,1,solution_design
9,,7,16489.91,760,False,,,172,2355.7,grow intuitive technologies,5,solution_design
4,2020-05-30,6,14425.96,761,True,True,,566,2404.33,visualize revolutionary e-tailers,20,closed_lost
7,2019-04-14,7,7870.9,762,True,True,,745,1124.41,transition 24/7 methodologies,10,closed_lost
3,,9,20645.38,763,False,,,489,2293.93,drive rich web services,4,solution_design
6,,7,11626.15,764,False,,,335,1660.88,productize 24/7 methodologies,8,qualified
2,,11,21486.85,765,False,,,550,1953.35,utilize proactive communities,20,discovery
3,,3,19344.08,766,False,,,562,6448.03,reinvent dot-com solutions,23,discovery
7,,1,15094.72,767,False,,,113,15094.72,scale 24/7 platforms,24,solution_design
6,2019-12-09,6,15028.11,768,True,True,,279,2504.68,evolve integrated partnerships,20,closed_lost
1,,2,23571.94,769,False,,,327,11785.97,synthesize impactful e-services,2,discovery
8,2019-09-23,4,24672.56,770,True,,True,620,6168.14,empower best-of-breed content,18,closed_won
9,,8,19129.01,771,False,,,397,2391.13,incentivize intuitive eyeballs,1,solution_design
9,2019-09-17,6,12337.18,772,True,True,,71,2056.2,disintermediate rich architectures,22,closed_lost
2,2019-04-02,11,14843.71,773,True,True,,480,1349.43,disintermediate distributed partnerships,18,closed_lost
5,2019-07-07,10,9814.76,774,True,True,,153,981.48,incubate dot-com platforms,6,closed_lost
9,2019-08-23,4,13826.62,775,True,True,,777,3456.66,harness integrated experiences,17,closed_lost
8,2019-10-21,7,1548.85,776,True,True,,915,221.26,maximize end-to-end eyeballs,21,closed_lost
2,2019-03-11,10,5947.13,777,True,,True,460,594.71,deliver frictionless technologies,13,closed_won
9,2019-06-26,7,13971.23,778,True,,True,398,1995.89,innovate visionary networks,20,closed_won
6,2019-12-23,7,14568.12,779,True,True,,830,2081.16,incentivize transparent applications,24,closed_lost
2,2020-02-24,8,9883.79,780,True,,True,164,1235.47,seize e-business technologies,8,closed_won
6,,5,10487.93,781,False,,,676,2097.59,monetize end-to-end e-business,24,discovery
4,2019-03-28,5,18728.64,782,True,,True,992,3745.73,grow integrated portals,1,closed_won
8,,8,11421.13,783,False,,,134,1427.64,enhance turn-key markets,23,solution_design
3,2020-07-17,5,5892.24,784,True,True,,602,1178.45,seize cutting-edge communities,21,closed_lost
1,2020-01-08,1,1118.14,785,True,,True,838,1118.14,implement frictionless supply-chains,19,closed_won
1,2020-07-12,9,16364.65,786,True,True,,673,1818.29,cultivate revolutionary initiatives,21,closed_lost
6,,4,24389.13,787,False,,,659,6097.28,benchmark strategic markets,1,qualified
4,2019-10-03,6,22946.29,788,True,,True,954,3824.38,syndicate leading-edge vortals,17,closed_won
5,,3,17457.9,789,False,,,637,5819.3,enable transparent supply-chains,11,qualified
4,,8,4935.7,790,False,,,570,616.96,expedite 24/365 markets,2,qualified
9,,4,3300.23,791,False,,,62,825.06,benchmark world-class convergence,2,qualified
7,,3,23247.98,792,False,,,121,7749.33,productize magnetic convergence,14,solution_design
8,,5,22896.01,793,False,,,137,4579.2,cultivate frictionless convergence,3,discovery
8,2019-02-18,1,5528.71,794,True,,True,653,5528.71,evolve ubiquitous convergence,2,closed_won
9,2020-05-18,2,18452.8,795,True,,True,678,9226.4,synthesize sticky e-markets,13,closed_won
1,,9,9227.81,796,False,,,668,1025.31,integrate integrated action-items,17,qualified
3,2019-06-03,9,5615.58,797,True,,True,316,623.95,revolutionize distributed convergence,15,closed_won
2,,10,15016.04,798,False,,,251,1501.6,integrate user-centric solutions,17,solution_design
7,2020-09-14,2,15219.03,799,True,,True,843,7609.52,implement vertical action-items,19,closed_won
5,2019-12-24,1,23680.65,800,True,,True,416,23680.65,cultivate end-to-end vortals,12,closed_won
9,,5,17996.35,801,False,,,518,3599.27,synthesize integrated ROI,9,qualified
3,2019-08-01,8,5733.05,802,True,,True,549,716.63,enhance magnetic applications,22,closed_won
8,2019-05-24,9,18539.84,803,True,,True,535,2059.98,generate virtual systems,2,closed_won
8,,5,14489.8,804,False,,,648,2897.96,deploy proactive metrics,12,solution_design
5,2019-11-16,11,1517.81,805,True,True,,734,137.98,expedite efficient initiatives,19,closed_lost
7,2019-08-23,10,2868.57,806,True,True,,830,286.86,whiteboard intuitive applications,23,closed_lost
8,2020-08-04,1,1493.76,807,True,,True,511,1493.76,reinvent 24/7 systems,15,closed_won
6,2019-09-20,6,18554.44,808,True,,True,184,3092.41,harness cross-media e-markets,12,closed_won
4,2020-10-05,8,4796.1,809,True,True,,199,599.51,utilize front-end deliverables,2,closed_lost
2,,10,6883.78,810,False,,,680,688.38,revolutionize dynamic e-markets,19,discovery
1,,10,17212.91,811,False,,,700,1721.29,harness rich bandwidth,19,qualified
8,2019-09-14,9,3300.16,812,True,,True,973,366.68,facilitate dynamic metrics,9,closed_won
9,,3,23843.0,813,False,,,599,7947.67,innovate best-of-breed mindshare,9,discovery
2,2019-01-01,6,7896.47,814,True,,True,908,1316.08,scale collaborative e-business,12,closed_won
2,,3,2939.02,815,False,,,726,979.67,incubate holistic applications,3,solution_design
3,2019-05-12,2,24074.49,816,True,,True,642,12037.25,streamline dot-com interfaces,2,closed_won
5,,4,15114.97,817,False,,,659,3778.74,iterate efficient e-commerce,9,qualified
8,,4,20731.7,818,False,,,763,5182.93,facilitate next-generation mindshare,14,discovery
2,2020-09-28,1,18008.67,819,True,,True,981,18008.67,seize frictionless info-mediaries,13,closed_won
6,2019-01-12,4,284.62,820,True,,True,967,71.16,leverage next-generation content,15,closed_won
6,2020-03-30,9,7834.11,821,True,True,,866,870.46,synthesize virtual models,17,closed_lost
6,,8,12504.23,822,False,,,132,1563.03,engage plug-and-play functionalities,14,discovery
8,,3,18516.95,823,False,,,81,6172.32,whiteboard wireless deliverables,10,solution_design
2,,8,15259.09,824,False,,,909,1907.39,harness clicks-and-mortar initiatives,10,solution_design
5,2020-09-27,6,3766.39,825,True,,True,683,627.73,grow integrated e-tailers,14,closed_won
7,,11,16611.23,826,False,,,334,1510.11,re-contextualize value-added niches,2,discovery
1,,2,21621.4,827,False,,,229,10810.7,harness user-centric solutions,2,discovery
4,,9,960.99,828,False,,,308,106.78,orchestrate scalable bandwidth,9,discovery
9,2020-09-08,9,17096.23,829,True,,True,282,1899.58,evolve end-to-end functionalities,7,closed_won
7,2019-01-24,2,17901.66,830,True,,True,947,8950.83,re-contextualize strategic e-tailers,8,closed_won
8,2019-03-13,5,5991.13,831,True,,True,796,1198.23,transition value-added supply-chains,18,closed_won
2,,10,17310.91,832,False,,,94,1731.09,syndicate end-to-end bandwidth,14,solution_design
6,2020-05-08,11,12414.96,833,True,True,,409,1128.63,synergize customized paradigms,1,closed_lost
7,,8,23086.46,834,False,,,213,2885.81,empower clicks-and-mortar metrics,17,solution_design
1,,2,14235.82,835,False,,,754,7117.91,unleash one-to-one initiatives,6,discovery
2,,4,18012.18,836,False,,,151,4503.05,streamline seamless partnerships,24,qualified
6,,5,15356.82,837,False,,,57,3071.36,unleash user-centric supply-chains,10,solution_design
1,2019-01-15,8,14884.5,838,True,True,,708,1860.56,iterate compelling channels,1,closed_lost
5,,1,15979.81,839,False,,,470,15979.81,brand granular experiences,9,qualified
5,,1,24470.95,840,False,,,286,24470.95,aggregate dynamic infrastructures,14,discovery
7,,6,12079.82,841,False,,,427,2013.3,morph customized eyeballs,15,qualified
9,2019-06-19,5,23885.15,842,True,True,,270,4777.03,enhance transparent e-markets,8,closed_lost
7,,9,24630.36,843,False,,,830,2736.71,iterate bleeding-edge experiences,24,discovery
9,,6,7376.14,844,False,,,216,1229.36,enable impactful communities,2,discovery
7,2019-09-29,6,14078.51,845,True,True,,700,2346.42,optimize mission-critical schemas,22,closed_lost
9,,6,12048.44,846,False,,,360,2008.07,redefine viral technologies,3,qualified
4,,4,19844.79,847,False,,,33,4961.2,leverage back-end interfaces,4,qualified
3,,2,3491.37,848,False,,,225,1745.68,generate one-to-one functionalities,12,solution_design
7,2020-04-13,10,13080.61,849,True,,True,498,1308.06,morph robust action-items,6,closed_won
4,,6,13866.94,850,False,,,461,2311.16,redefine real-time models,1,qualified
1,2019-11-05,11,1888.36,851,True,True,,852,171.67,leverage robust interfaces,18,closed_lost
2,2019-03-07,10,7162.47,852,True,True,,425,716.25,seize killer web services,11,closed_lost
7,,3,2680.77,853,False,,,950,893.59,monetize 24/365 synergies,11,discovery
8,2020-04-30,11,19366.21,854,True,True,,919,1760.56,strategize best-of-breed markets,18,closed_lost
7,2020-07-28,7,7818.68,855,True,True,,32,1116.95,integrate integrated content,4,closed_lost
2,2020-07-12,4,11885.33,856,True,,True,484,2971.33,reinvent interactive synergies,13,closed_won
8,2019-04-14,9,18127.5,857,True,True,,248,2014.17,embrace world-class channels,14,closed_lost
2,,2,23069.1,858,False,,,868,11534.55,leverage interactive interfaces,1,solution_design
6,,2,8076.93,859,False,,,469,4038.47,drive killer ROI,21,discovery
4,2019-08-24,5,22312.16,860,True,True,,116,4462.43,unleash sticky partnerships,2,closed_lost
7,2020-06-02,1,18197.15,861,True,,True,48,18197.15,whiteboard front-end channels,1,closed_won
4,,9,8232.56,862,False,,,248,914.73,deploy innovative synergies,17,solution_design
7,,4,20823.03,863,False,,,449,5205.76,redefine end-to-end e-business,17,solution_design
3,2019-09-24,7,11350.73,864,True,,True,733,1621.53,facilitate bleeding-edge deliverables,1,closed_won
2,,2,16749.19,865,False,,,384,8374.59,leverage leading-edge networks,10,discovery
4,,2,1136.68,866,False,,,104,568.34,empower world-class synergies,10,qualified
6,2019-11-21,1,20544.11,867,True,,True,620,20544.11,exploit interactive e-services,16,closed_won
2,2020-04-07,1,14792.56,868,True,True,,296,14792.56,utilize distributed users,2,closed_lost
1,,6,12213.01,869,False,,,912,2035.5,transform end-to-end info-mediaries,10,discovery
4,,8,9610.28,870,False,,,318,1201.29,embrace virtual e-services,7,discovery
9,,9,6693.16,871,False,,,272,743.68,synthesize one-to-one initiatives,20,qualified
7,2020-02-25,9,268.5,872,True,True,,334,29.83,engage value-added applications,10,closed_lost
1,,4,6841.94,873,False,,,229,1710.48,unleash frictionless infrastructures,3,discovery
4,,3,6158.02,874,False,,,131,2052.67,seize scalable web-readiness,7,solution_design
2,2019-05-07,5,16898.8,875,True,,True,329,3379.76,integrate cross-platform models,20,closed_won
4,2019-10-02,7,24572.79,876,True,True,,703,3510.4,morph wireless architectures,9,closed_lost
9,,11,4924.14,877,False,,,239,447.65,re-contextualize scalable content,3,qualified
1,2019-09-09,8,15441.04,878,True,,True,432,1930.13,integrate interactive schemas,21,closed_won
5,,2,4874.92,879,False,,,227,2437.46,strategize bleeding-edge models,11,qualified
1,,11,13107.78,880,False,,,727,1191.62,leverage cross-platform markets,23,qualified
1,2019-05-07,4,16806.36,881,True,True,,545,4201.59,innovate out-of-the-box e-commerce,8,closed_lost
6,2020-06-28,5,20181.82,882,True,,True,627,4036.36,expedite granular convergence,1,closed_won
9,,4,21341.71,883,False,,,551,5335.43,matrix user-centric metrics,22,solution_design
2,2019-03-14,8,4120.3,884,True,True,,716,515.04,engage bricks-and-clicks vortals,3,closed_lost
5,2020-02-02,5,22321.53,885,True,True,,282,4464.31,target out-of-the-box functionalities,5,closed_lost
4,,5,12393.29,886,False,,,860,2478.66,e-enable next-generation e-tailers,23,discovery
5,2020-03-09,3,8461.48,887,True,True,,91,2820.49,target virtual partnerships,23,closed_lost
4,2020-04-19,4,14868.38,888,True,,True,74,3717.09,synthesize interactive supply-chains,17,closed_won
3,,10,4736.93,889,False,,,391,473.69,incubate revolutionary web-readiness,1,solution_design
4,,11,4454.56,890,False,,,438,404.96,architect world-class e-services,10,solution_design
7,2019-04-19,9,20337.43,891,True,,True,154,2259.71,monetize frictionless e-tailers,22,closed_won
6,,5,21817.27,892,False,,,719,4363.45,mesh next-generation initiatives,12,discovery
1,2020-03-30,3,21575.51,893,True,,True,287,7191.84,engineer efficient experiences,7,closed_won
3,2020-08-08,6,4118.04,894,True,True,,791,686.34,engineer end-to-end methodologies,20,closed_lost
3,,10,3382.34,895,False,,,489,338.23,deploy global systems,19,qualified
3,2019-03-11,11,5488.96,896,True,,True,690,499.0,enable magnetic supply-chains,22,closed_won
2,,11,2422.2,897,False,,,821,220.2,synergize robust markets,5,solution_design
7,,10,16843.74,898,False,,,317,1684.37,engineer open-source solutions,13,discovery
1,2019-05-10,9,11808.17,899,True,,True,747,1312.02,synthesize global web services,19,closed_won
8,,2,16410.0,900,False,,,461,8205.0,generate dynamic mindshare,23,qualified
7,,3,20529.2,901,False,,,516,6843.07,leverage plug-and-play infrastructures,1,discovery
9,,2,4947.03,902,False,,,941,2473.51,incubate turn-key ROI,3,qualified
9,,2,8942.96,903,False,,,75,4471.48,productize leading-edge action-items,17,qualified
6,2020-06-08,1,7954.24,904,True,,True,904,7954.24,brand e-business paradigms,3,closed_won
9,2019-11-21,11,14749.44,905,True,True,,770,1340.86,expedite visionary info-mediaries,2,closed_lost
6,,4,12551.8,906,False,,,790,3137.95,envisioneer 24/7 platforms,8,discovery
8,2020-07-27,11,18575.27,907,True,,True,598,1688.66,aggregate one-to-one initiatives,23,closed_won
6,2019-09-21,11,3750.07,908,True,True,,390,340.92,seize customized networks,3,closed_lost
2,2019-11-10,7,19386.71,909,True,True,,255,2769.53,drive bleeding-edge metrics,15,closed_lost
5,2019-04-25,7,24030.71,910,True,True,,258,3432.96,disintermediate user-centric ROI,1,closed_lost
5,2019-05-23,1,15205.3,911,True,True,,276,15205.3,strategize sticky metrics,15,closed_lost
8,2020-02-06,4,2542.56,912,True,,True,6,635.64,empower enterprise web services,14,closed_won
2,2019-09-17,2,7992.94,913,True,True,,657,3996.47,incentivize cutting-edge interfaces,9,closed_lost
8,2020-10-10,1,16162.44,914,True,True,,782,16162.44,re-intermediate open-source channels,6,closed_lost
1,,9,19886.16,915,False,,,930,2209.57,e-enable collaborative architectures,8,qualified
5,2020-05-29,3,14157.72,916,True,,True,324,4719.24,facilitate dot-com web services,24,closed_won
9,,9,376.75,917,False,,,39,41.86,benchmark turn-key portals,12,qualified
3,,5,8266.44,918,False,,,818,1653.29,embrace wireless e-business,4,qualified
4,2019-03-12,4,1.48,919,True,,True,214,0.37,leverage holistic channels,3,closed_won
5,2020-01-30,7,14614.58,920,True,,True,398,2087.8,iterate integrated schemas,20,closed_won
9,2020-03-21,5,15864.35,921,True,True,,568,3172.87,repurpose virtual interfaces,8,closed_lost
1,2019-09-04,1,19249.26,922,True,,True,245,19249.26,repurpose transparent architectures,23,closed_won
7,2020-06-25,3,12456.24,923,True,True,,344,4152.08,enable customized e-markets,4,closed_lost
5,,8,11215.94,924,False,,,622,1401.99,orchestrate holistic infrastructures,24,qualified
1,2019-01-02,3,24443.51,925,True,True,,694,8147.84,utilize front-end info-mediaries,15,closed_lost
6,2019-05-24,2,22081.05,926,True,True,,507,11040.52,deploy customized paradigms,6,closed_lost
2,2019-09-22,1,23383.05,927,True,,True,869,23383.05,evolve end-to-end schemas,9,closed_won
6,2019-11-12,8,12584.72,928,True,,True,337,1573.09,matrix wireless e-tailers,13,closed_won
2,2019-10-02,3,5453.04,929,True,True,,428,1817.68,enhance e-business convergence,10,closed_lost
7,,2,17266.54,930,False,,,699,8633.27,implement open-source users,14,discovery
5,,3,4145.68,931,False,,,360,1381.89,grow rich users,8,solution_design
7,2019-06-05,8,22830.43,932,True,True,,599,2853.8,brand next-generation web-readiness,17,closed_lost
7,,11,14343.19,933,False,,,103,1303.93,empower plug-and-play initiatives,2,qualified
3,,11,11950.66,934,False,,,811,1086.42,harness bleeding-edge relationships,12,solution_design
4,,6,6628.2,935,False,,,6,1104.7,seize turn-key markets,17,solution_design
8,2019-10-14,6,2005.65,936,True,True,,153,334.28,strategize innovative eyeballs,9,closed_lost
5,,2,2873.71,937,False,,,380,1436.86,matrix dynamic communities,8,discovery
6,,1,12318.58,938,False,,,85,12318.58,transition leading-edge relationships,10,qualified
4,,1,17181.33,939,False,,,175,17181.33,iterate compelling markets,24,solution_design
2,2020-10-08,3,6860.15,940,True,,True,359,2286.72,grow visionary web-readiness,14,closed_won
1,2020-07-10,1,13455.62,941,True,True,,711,13455.62,engage granular bandwidth,17,closed_lost
2,2019-05-14,7,11623.42,942,True,True,,854,1660.49,e-enable rich interfaces,17,closed_lost
1,2020-08-01,3,12312.7,943,True,True,,538,4104.23,enhance user-centric technologies,24,closed_lost
9,2019-11-21,6,19433.01,944,True,True,,360,3238.83,engage 24/7 infrastructures,9,closed_lost
3,2019-11-18,2,10127.83,945,True,True,,812,5063.91,brand global architectures,5,closed_lost
9,2020-09-10,2,23284.18,946,True,,True,421,11642.09,target dynamic partnerships,11,closed_won
1,2019-02-26,10,3944.99,947,True,True,,596,394.5,enable proactive e-commerce,7,closed_lost
8,,8,9091.77,948,False,,,411,1136.47,morph sticky systems,12,solution_design
2,,1,10772.71,949,False,,,328,10772.71,whiteboard strategic technologies,14,solution_design
5,2019-10-21,2,5539.12,950,True,True,,542,2769.56,facilitate vertical markets,21,closed_lost
4,,8,19420.89,951,False,,,779,2427.61,enable ubiquitous e-services,12,qualified
9,2019-08-15,8,13457.15,952,True,True,,989,1682.14,revolutionize out-of-the-box systems,21,closed_lost
2,2019-05-26,9,5072.78,953,True,,True,767,563.64,reinvent cutting-edge convergence,6,closed_won
6,2020-09-30,6,23771.73,954,True,True,,760,3961.95,innovate 24/7 schemas,17,closed_lost
1,2019-01-28,1,8927.83,955,True,True,,443,8927.83,aggregate mission-critical supply-chains,13,closed_lost
1,,11,22882.43,956,False,,,751,2080.22,aggregate extensible vortals,23,qualified
4,2020-10-18,8,23429.97,957,True,True,,627,2928.75,engineer 24/7 paradigms,20,closed_lost
2,2020-05-07,2,1140.23,958,True,,True,396,570.12,scale visionary supply-chains,11,closed_won
5,2020-02-25,5,8413.66,959,True,,True,280,1682.73,repurpose end-to-end solutions,22,closed_won
4,2019-12-12,11,2428.06,960,True,,True,772,220.73,benchmark ubiquitous experiences,8,closed_won
8,,4,2562.36,961,False,,,313,640.59,monetize B2B web-readiness,11,qualified
9,,10,6567.76,962,False,,,584,656.78,revolutionize virtual content,17,solution_design
5,,10,12759.11,963,False,,,71,1275.91,revolutionize killer systems,11,solution_design
4,2019-02-13,3,21156.49,964,True,,True,464,7052.16,revolutionize vertical portals,10,closed_won
5,,9,3496.34,965,False,,,724,388.48,target best-of-breed systems,12,solution_design
6,,6,13117.05,966,False,,,734,2186.17,deploy bricks-and-clicks systems,6,qualified
2,,2,7601.7,967,False,,,35,3800.85,brand impactful deliverables,1,qualified
2,,2,8951.39,968,False,,,805,4475.69,unleash global functionalities,16,qualified
9,2020-07-10,3,24278.1,969,True,,True,399,8092.7,incubate cutting-edge experiences,12,closed_won
9,,3,2044.25,970,False,,,142,681.42,transition dot-com e-services,11,discovery
5,,6,4354.12,971,False,,,36,725.69,transform holistic partnerships,24,solution_design
7,2020-02-29,2,19841.78,972,True,True,,782,9920.89,engage granular schemas,19,closed_lost
3,2020-02-16,7,2935.24,973,True,True,,927,419.32,empower strategic convergence,2,closed_lost
1,2020-09-10,2,8049.21,974,True,True,,123,4024.61,unleash holistic communities,24,closed_lost
4,2019-07-26,9,22329.27,975,True,True,,537,2481.03,morph 24/7 metrics,11,closed_lost
6,2020-07-20,11,7865.32,976,True,,True,830,715.03,optimize leading-edge niches,18,closed_won
5,,6,24388.11,977,False,,,268,4064.68,expedite back-end architectures,7,solution_design
3,,5,521.77,978,False,,,815,104.35,visualize intuitive schemas,6,qualified
6,2019-02-27,4,19230.89,979,True,True,,441,4807.72,leverage dot-com systems,15,closed_lost
6,2020-09-07,5,19318.94,980,True,True,,38,3863.79,facilitate world-class web-readiness,20,closed_lost
5,2019-02-19,7,11310.09,981,True,,True,861,1615.73,mesh interactive methodologies,22,closed_won
8,2020-02-11,4,12064.06,982,True,True,,768,3016.01,expedite bricks-and-clicks e-commerce,18,closed_lost
5,,5,4970.26,983,False,,,93,994.05,extend world-class metrics,3,discovery
9,2020-04-30,10,3837.53,984,True,True,,543,383.75,re-contextualize distributed e-markets,2,closed_lost
2,2020-03-27,5,23197.0,985,True,True,,336,4639.4,strategize web-enabled metrics,12,closed_lost
5,2020-09-21,9,12085.94,986,True,,True,881,1342.88,engineer integrated experiences,16,closed_won
4,2020-08-26,1,9356.47,987,True,,True,129,9356.47,generate cutting-edge models,17,closed_won
4,,9,15829.5,988,False,,,271,1758.83,monetize out-of-the-box relationships,5,solution_design
6,2019-05-24,9,21029.1,989,True,True,,972,2336.57,unleash open-source action-items,8,closed_lost
4,,8,14262.19,990,False,,,382,1782.77,optimize integrated markets,12,discovery
8,2020-04-01,10,24184.44,991,True,,True,357,2418.44,exploit open-source schemas,22,closed_won
6,,2,24799.98,992,False,,,855,12399.99,harness frictionless portals,6,discovery
1,2019-08-10,3,870.52,993,True,True,,976,290.17,streamline killer technologies,5,closed_lost
6,2019-02-06,5,10695.16,994,True,True,,506,2139.03,transform impactful deliverables,19,closed_lost
3,2020-06-25,5,17054.35,995,True,,True,749,3410.87,leverage innovative e-markets,16,closed_won
9,,2,22451.08,996,False,,,327,11225.54,streamline B2B portals,13,qualified
2,2020-05-07,4,7095.58,997,True,True,,915,1773.89,productize scalable systems,9,closed_lost
6,,5,22731.27,998,False,,,613,4546.25,strategize compelling initiatives,16,solution_design
6,,6,8555.87,999,False,,,4,1425.98,facilitate granular metrics,14,discovery
